SALES_ID,Surrender Rate,Early Claim Rate,PIVC Number Mismatch Rate,PIVC Concern Raised Rate,RCU Rejections Rate,Free Look  Cancellation Rate,Sales Related Complaint,First Year Persistency Rate,Type
270084,0.00,0.00,0.00,0.00,1.05,0.00,0.00,75.0,Active
800722,0.00,0.47,0.64,3.20,2.13,0.00,0.64,74.5,Active
800812,0.00,3.55,0.00,1.38,1.38,0.00,0.00,60.2,Active
800947,0.00,0.46,0.00,0.45,0.00,0.46,0.00,81.1,Active
801055,0.00,0.00,7.11,0.79,0.40,0.41,0.00,72.1,Active
960108,0.00,0.00,1.32,2.19,2.19,0.00,0.00,75.2,Active
960425,0.00,0.00,0.00,0.62,0.31,0.00,0.00,87.9,Active
960439,0.00,0.00,2.06,2.75,1.72,0.00,0.00,87.1,Active
960731,0.00,0.35,16.67,0.68,0.34,0.71,0.00,59.0,Active
960753,0.00,0.00,0.00,0.58,0.58,0.00,0.00,70.8,Active
960773,0.00,1.42,0.22,0.78,1.44,0.12,0.11,69.3,Active
960797,0.00,0.00,1.03,1.03,0.51,0.00,0.00,78.1,Active
960861,0.00,0.00,16.00,1.00,0.00,1.06,2.00,70.7,Active
960941,0.00,0.00,1.63,0.54,1.09,0.00,0.00,81.8,Active
961046,0.00,0.00,13.87,1.26,0.00,0.44,0.00,84.4,Active
961219,0.00,1.46,0.00,0.71,0.00,0.00,0.00,86.7,Active
961251,0.00,0.00,12.46,2.32,0.00,0.00,0.87,59.0,Active
961316,0.00,0.00,2.54,0.56,0.00,0.30,0.00,88.7,Active
961322,0.00,0.00,20.79,0.00,0.00,0.37,0.00,80.5,Active
961325,0.00,0.00,4.48,2.24,2.99,0.85,0.00,68.5,Active
961339,0.00,0.00,0.00,1.16,0.00,0.00,0.58,90.4,Active
961501,0.00,0.00,0.00,1.29,0.00,0.00,0.00,83.7,Active
961502,0.00,0.00,3.10,0.62,0.31,0.65,0.31,83.3,Active
961609,0.00,0.00,0.00,1.57,3.53,0.45,1.57,73.2,Active
961657,0.00,0.59,0.00,1.58,0.00,0.00,0.00,92.4,Active
961690,0.00,0.00,0.00,1.11,0.00,0.00,0.00,98.6,Active
961739,0.00,0.00,0.45,1.36,1.36,0.00,0.45,82.6,Active
961763,0.00,0.00,0.96,0.96,0.00,0.53,0.96,94.4,Active
961837,0.00,0.00,0.00,0.56,1.13,0.62,0.56,79.6,Active
961878,0.00,0.45,1.25,0.42,0.42,0.00,0.00,78.9,Active
961883,0.00,0.00,0.40,2.02,0.81,0.00,0.40,88.0,Active
961974,0.00,2.25,10.70,0.41,0.00,1.35,1.23,95.7,Active
962064,0.00,1.28,0.00,4.35,0.00,0.00,0.00,89.3,Active
962081,0.00,0.00,0.00,1.53,1.15,0.44,0.00,89.6,Active
962217,0.00,0.00,0.49,2.94,0.49,1.06,0.49,74.8,Active
962235,0.00,0.00,0.79,0.00,1.59,0.00,0.79,80.8,Active
962243,0.00,0.00,2.43,1.74,0.00,0.77,0.00,94.8,Active
962340,0.00,0.00,1.20,0.80,2.40,0.00,0.00,84.1,Active
962350,0.00,0.78,0.74,0.49,1.48,0.00,0.00,84.7,Active
962389,0.00,0.00,0.00,0.57,0.00,0.00,0.57,90.2,Active
962390,0.00,0.00,0.00,2.63,0.88,2.04,0.88,85.0,Active
962457,0.00,1.09,0.00,5.03,0.00,1.09,0.00,88.6,Active
962510,0.00,0.67,0.00,0.33,0.33,0.00,0.65,70.6,Active
962580,0.00,0.00,0.43,1.72,0.00,0.46,0.43,96.7,Active
962590,0.00,0.00,0.00,1.21,1.21,0.00,0.00,91.3,Active
962624,0.00,0.00,20.91,1.05,0.70,0.00,0.00,79.5,Active
962636,0.00,1.40,5.41,0.68,0.00,0.00,2.70,92.3,Active
962691,0.00,0.00,0.00,2.35,0.39,0.42,0.00,65.0,Active
962784,0.00,0.00,0.58,0.87,0.00,0.00,0.00,95.7,Active
962811,0.00,0.00,5.33,3.67,1.33,0.00,0.00,91.8,Active
962819,0.00,0.43,0.00,0.42,0.00,0.00,0.00,86.4,Active
962846,0.00,0.00,0.00,2.26,1.13,0.00,0.00,86.2,Active
962919,0.00,0.65,0.00,0.90,0.30,0.00,0.00,77.9,Active
963075,0.00,0.00,0.76,1.91,0.38,0.42,0.00,69.6,Active
963201,0.00,0.00,2.56,1.71,0.85,0.00,0.00,77.1,Active
963233,0.00,0.00,2.92,0.83,0.00,1.28,0.42,86.3,Active
963244,0.00,0.40,0.37,0.37,0.00,0.40,0.00,88.0,Active
963256,0.00,0.00,0.00,1.47,4.41,0.56,0.49,62.4,Active
963278,0.00,0.95,0.00,0.88,0.00,0.95,0.00,86.4,Active
963387,0.00,0.00,0.00,0.97,0.00,0.00,0.00,85.8,Active
963462,0.00,0.00,0.00,0.39,0.00,1.33,0.00,95.8,Active
963478,0.00,0.00,4.48,2.99,0.50,0.00,0.00,93.9,Active
963485,0.00,0.00,2.08,0.00,0.69,0.74,2.08,88.2,Active
963492,0.00,0.40,0.00,2.11,0.35,0.40,0.00,94.4,Active
963715,0.00,0.00,0.70,2.11,0.70,0.77,0.70,87.8,Active
963748,0.00,0.00,0.41,1.64,0.00,0.92,0.82,89.9,Active
963773,0.00,0.00,0.00,1.15,0.00,0.00,0.00,72.5,Active
963850,0.00,0.00,0.50,3.00,0.00,0.60,1.00,95.0,Active
963904,0.00,0.00,0.46,0.92,1.38,0.00,0.00,89.8,Active
963941,0.00,0.55,0.00,0.52,0.52,0.00,0.00,90.7,Active
964023,0.00,0.00,13.10,1.19,0.00,2.03,0.60,95.4,Active
964081,0.00,0.49,0.44,0.00,0.00,0.00,0.00,85.8,Active
964134,0.00,0.00,0.48,0.48,0.00,1.55,0.00,91.6,Active
964192,0.00,1.73,0.36,1.46,0.73,0.00,1.09,86.1,Active
964197,0.00,0.44,9.83,1.28,0.00,0.00,0.00,75.5,Active
964206,0.00,1.24,1.14,1.14,0.00,0.62,1.14,95.9,Active
964219,0.00,0.00,0.00,0.83,0.00,0.45,0.83,86.1,Active
964231,0.00,0.00,0.00,0.56,0.56,0.00,0.00,69.4,Active
964261,0.00,0.39,0.00,0.00,2.17,0.00,0.00,84.4,Active
964276,0.00,0.00,0.00,2.05,0.68,0.82,0.00,83.9,Active
964364,0.00,0.00,0.00,1.13,2.82,0.67,0.56,76.7,Active
964383,0.00,0.00,0.63,0.32,1.90,0.68,0.32,76.5,Active
964402,0.00,1.07,0.00,1.91,0.96,0.00,0.00,80.7,Active
964419,0.00,0.00,0.00,0.51,0.00,1.10,0.00,97.1,Active
964429,0.00,0.61,0.00,3.37,1.69,0.00,0.00,83.6,Active
964517,0.00,0.00,0.98,1.96,0.00,1.10,0.00,66.4,Active
964539,0.00,0.00,3.20,1.60,0.80,0.94,0.00,87.7,Active
964567,0.00,0.39,1.88,0.75,0.00,0.39,0.00,84.7,Active
964619,0.00,0.00,0.62,0.93,0.00,0.65,1.24,88.4,Active
964637,0.00,0.00,0.00,0.66,1.33,0.75,0.00,86.3,Active
964677,0.00,0.81,0.00,0.77,0.00,0.00,0.00,68.5,Active
964692,0.00,0.00,2.48,0.83,0.83,0.00,0.00,100.0,Active
964696,0.00,0.00,0.00,3.88,0.78,0.00,0.00,78.7,Active
964757,0.00,0.00,0.00,0.69,1.39,0.81,0.00,67.1,Active
964759,0.00,0.00,0.00,0.00,0.00,0.00,0.00,87.5,Active
964835,0.00,0.00,0.00,2.51,0.50,0.00,0.00,85.7,Active
964889,0.00,1.08,0.00,0.50,0.50,0.00,0.50,90.2,Active
964930,0.00,0.48,0.00,0.81,0.81,0.96,2.02,88.6,Active
964940,0.00,0.00,0.00,0.00,1.02,0.56,0.51,90.9,Active
965054,0.00,0.00,3.43,1.72,0.00,0.00,0.43,82.3,Active
965056,0.00,0.46,0.00,0.44,0.00,0.92,0.00,72.7,Active
965082,0.00,0.00,0.00,1.72,0.00,0.00,0.00,86.8,Active
965139,0.00,0.00,0.52,0.00,0.00,0.00,0.00,86.0,Active
965205,0.00,0.00,0.00,2.09,0.42,0.47,0.00,94.4,Active
965228,0.00,1.22,0.00,1.01,1.51,0.61,1.01,89.1,Active
965274,0.00,0.00,25.96,3.86,0.00,0.00,0.00,81.8,Active
965280,0.00,0.00,0.00,3.68,0.00,0.61,0.53,79.6,Active
965281,0.00,0.00,0.40,0.80,0.00,0.00,0.00,88.0,Active
965559,0.00,0.00,0.00,1.25,0.00,0.00,0.00,80.0,Active
965564,0.00,0.66,0.00,0.63,0.32,0.66,0.00,79.3,Active
965602,0.00,0.00,0.77,1.92,0.38,0.85,0.38,85.0,Active
965781,0.00,0.00,0.00,0.42,0.42,0.90,0.00,87.9,Active
965844,0.00,0.00,0.00,0.59,0.00,0.00,0.00,77.4,Active
965879,0.00,0.77,0.72,2.15,0.72,0.00,0.00,80.0,Active
965972,0.00,0.00,0.44,3.11,1.78,0.47,0.00,83.6,Active
966099,0.61,0.00,1.56,0.00,1.56,1.22,1.04,65.2,Active
966104,0.00,0.44,0.00,2.48,3.31,0.00,0.00,72.8,Active
966166,0.00,1.00,0.93,0.46,2.31,0.00,0.00,75.9,Active
966209,0.00,0.50,0.00,0.00,0.93,0.00,0.00,86.9,Active
966278,0.00,0.00,0.72,0.00,0.00,0.00,0.00,79.8,Active
966305,0.00,0.37,0.34,1.37,0.34,0.00,0.34,88.7,Active
966371,0.00,0.58,0.00,1.09,0.54,0.58,0.00,91.2,Active
966427,0.00,0.00,0.40,2.02,0.40,0.00,0.40,91.6,Active
966442,0.00,0.00,0.74,1.48,0.74,0.83,0.74,92.0,Active
966452,0.00,0.00,0.53,1.60,0.53,0.00,0.00,100.0,Active
966459,0.00,0.00,0.27,0.27,0.27,0.00,0.00,86.2,Active
966488,0.00,0.73,0.00,2.36,0.34,0.36,0.67,74.9,Active
966533,0.00,0.00,0.00,0.64,0.00,2.07,0.00,96.5,Active
966644,0.00,1.25,9.34,2.20,1.10,0.63,2.75,93.1,Active
966695,0.00,0.79,13.22,10.92,1.72,0.00,5.17,83.9,Active
966710,0.00,1.05,4.65,2.33,2.79,0.53,0.47,73.9,Active
966719,0.00,0.48,0.00,1.39,0.00,0.00,0.00,64.1,Active
966727,0.00,0.00,0.00,1.12,0.56,0.00,1.12,86.7,Active
966797,0.00,0.00,0.00,0.52,0.52,0.58,0.52,90.7,Active
966864,0.00,0.00,0.00,2.07,1.38,0.00,1.38,83.7,Active
967016,0.00,0.00,0.00,2.05,0.00,0.00,0.00,89.5,Active
967017,0.00,0.00,0.00,1.98,1.98,0.00,0.00,77.4,Active
967027,0.00,0.00,1.20,6.02,1.20,0.00,1.81,77.1,Active
967076,0.00,0.00,0.44,0.87,0.44,0.49,0.00,82.2,Active
967089,0.00,0.00,0.00,1.84,1.84,0.52,0.92,91.4,Active
967100,0.00,1.65,0.00,1.93,1.50,0.00,0.00,91.6,Active
967134,0.00,0.00,0.00,2.21,0.00,0.49,0.00,97.7,Active
967136,0.00,0.00,1.04,1.56,0.00,0.00,0.00,97.6,Active
967138,0.00,0.40,1.84,2.94,0.37,0.00,0.00,81.5,Active
967164,0.00,0.47,0.00,1.58,1.98,0.00,0.00,78.7,Active
967202,0.00,0.00,0.65,2.58,1.94,0.00,0.00,67.0,Active
967212,0.00,0.57,2.39,2.13,1.06,0.28,0.27,84.3,Active
967215,0.00,0.00,22.61,0.87,0.87,0.47,0.00,92.8,Active
967277,0.00,0.38,0.00,1.09,1.09,0.00,0.00,61.4,Active
967280,0.00,0.32,0.92,0.62,0.31,0.32,0.00,83.5,Active
967300,0.00,0.67,0.00,4.47,0.84,0.67,0.00,87.5,Active
967344,0.00,0.00,0.83,1.24,0.83,0.52,0.00,76.8,Active
967468,0.00,0.52,0.49,0.49,0.00,0.00,0.49,89.1,Active
967516,0.00,0.80,0.00,0.71,0.36,0.40,0.00,95.0,Active
967561,0.00,0.00,0.69,1.04,1.04,0.00,0.35,83.1,Active
967564,0.00,0.00,0.00,0.00,2.02,0.00,0.00,89.7,Active
967584,0.00,0.00,0.94,0.47,0.00,0.00,0.00,97.8,Active
967601,0.00,0.69,0.00,1.10,0.00,0.00,0.00,94.9,Active
967610,0.00,0.92,1.95,2.73,0.00,0.00,1.17,91.1,Active
967649,0.00,0.44,0.42,2.54,0.00,0.00,0.42,91.7,Active
967660,0.00,0.68,0.00,0.00,0.00,0.68,0.00,88.1,Active
967677,0.00,0.00,0.00,0.64,0.64,0.00,0.00,72.2,Active
967728,0.00,0.83,0.77,2.31,0.77,0.00,0.00,88.2,Active
967784,0.00,0.00,0.00,0.00,0.00,0.00,0.00,80.6,Active
967880,0.00,0.35,5.32,1.99,0.00,0.35,0.66,95.0,Active
968004,0.00,0.56,1.05,0.52,0.52,0.00,0.00,76.0,Active
968026,0.00,0.00,0.00,2.17,0.36,0.83,0.72,88.6,Active
968139,0.00,1.20,8.47,0.55,1.91,0.00,0.00,85.4,Active
968169,0.00,0.00,0.40,0.40,0.40,0.44,0.00,87.3,Active
968186,0.00,0.00,7.66,2.39,2.39,0.57,0.48,72.7,Active
968205,0.00,0.00,0.00,0.42,0.42,0.45,0.00,68.3,Active
968209,0.00,0.00,0.00,0.00,0.50,0.53,0.25,66.8,Active
968213,0.00,0.00,0.48,1.45,0.48,0.00,0.00,82.1,Active
968306,0.00,0.55,1.51,2.51,0.00,0.00,0.00,85.8,Active
968323,0.00,1.45,0.42,1.27,0.00,0.48,0.00,78.5,Active
968358,0.00,1.20,0.72,2.89,3.25,0.40,0.36,66.7,Active
968392,0.00,0.00,3.66,1.05,0.00,1.18,3.14,85.8,Active
968395,0.00,0.00,0.71,1.42,0.00,2.38,0.00,80.3,Active
968437,0.00,0.26,0.25,0.25,0.50,0.26,0.25,62.9,Active
968514,0.00,0.00,0.00,1.16,0.87,0.32,0.00,77.6,Active
968601,0.00,0.50,0.00,0.89,0.00,0.50,0.44,90.4,Active
968640,0.00,0.00,0.00,1.52,1.52,0.80,0.00,81.5,Active
968657,0.00,0.00,0.00,2.06,0.00,0.37,0.00,85.2,Active
968658,0.00,0.00,0.00,1.12,4.47,0.62,0.00,65.6,Active
968730,0.00,0.41,0.74,2.58,2.76,0.61,0.18,65.0,Active
968737,0.00,0.00,1.00,3.00,0.00,0.00,0.00,68.3,Active
968738,0.00,1.18,0.00,1.83,0.00,1.18,0.00,91.7,Active
968831,0.00,0.00,0.00,2.11,0.00,0.38,0.35,81.3,Active
968890,0.00,0.57,0.00,1.05,0.53,0.00,0.00,81.8,Active
968911,0.00,0.44,1.58,1.98,0.00,0.00,0.00,89.3,Active
968914,0.00,0.22,0.00,1.94,0.00,0.00,0.00,77.2,Active
968935,0.00,0.00,0.00,0.42,0.42,0.00,0.00,77.9,Active
968940,0.00,0.00,1.48,2.96,0.99,0.00,0.00,94.1,Active
968985,0.00,0.00,0.00,2.97,2.64,1.13,0.33,86.7,Active
969027,0.00,0.00,0.00,1.40,0.47,1.05,0.00,90.4,Active
969046,0.00,0.41,1.12,0.00,0.00,0.41,0.00,93.0,Active
969104,0.00,0.00,0.37,0.37,0.00,0.00,0.00,94.8,Active
969114,0.00,0.00,1.37,1.37,0.34,0.00,0.00,91.5,Active
969159,0.00,0.65,0.57,0.57,0.00,0.65,0.00,89.2,Active
969230,0.00,0.43,0.00,2.03,0.00,0.86,0.41,96.2,Active
969237,0.00,0.79,18.06,2.08,0.00,0.00,1.39,89.4,Active
969240,0.00,0.00,11.07,1.19,0.40,0.87,0.00,92.6,Active
969258,0.00,0.37,8.78,1.35,1.01,0.74,0.00,79.2,Active
969262,0.00,0.00,0.00,2.38,0.48,0.52,0.48,60.4,Active
969269,0.00,0.00,0.00,2.80,1.75,0.80,0.00,84.1,Active
969272,0.00,0.00,3.41,1.14,0.00,0.61,0.00,80.0,Active
969306,0.00,0.45,0.80,0.00,0.00,0.00,1.20,99.3,Active
969329,0.00,0.51,0.00,0.47,0.00,0.51,0.00,95.2,Active
969413,0.00,0.00,0.00,2.91,1.46,0.53,0.00,65.9,Active
969439,0.00,0.00,12.00,4.00,0.50,1.98,1.50,91.6,Active
969441,0.00,0.28,20.36,3.05,0.76,0.28,0.00,88.1,Active
969515,0.00,0.46,0.82,2.46,0.41,0.46,0.41,77.6,Active
969564,0.00,0.00,2.26,1.69,0.56,0.00,1.69,46.2,Active
969597,0.00,0.00,0.00,0.41,1.22,0.00,0.00,85.7,Active
969602,0.00,0.91,4.62,10.00,0.00,0.91,0.77,92.3,Active
969622,0.00,0.00,0.00,1.67,0.00,0.95,0.00,85.9,Active
969633,0.00,0.70,4.46,1.91,0.64,0.00,0.00,91.3,Active
969666,0.00,0.45,0.87,2.17,0.00,0.90,0.00,80.1,Active
969746,0.00,0.00,2.17,0.87,0.00,0.00,0.00,81.1,Active
969794,0.00,0.00,1.00,0.66,0.33,0.35,0.00,91.2,Active
969800,0.00,0.70,18.75,2.81,0.63,0.70,0.31,84.3,Active
969801,0.00,0.00,0.47,1.87,0.93,0.00,0.00,64.2,Active
969843,0.00,0.00,1.32,1.32,0.88,0.00,0.44,90.6,Active
969846,0.00,0.00,0.00,1.17,0.00,0.00,0.00,94.3,Active
969903,0.00,0.00,0.81,1.63,0.81,0.00,0.00,86.9,Active
969958,0.00,0.00,4.29,0.48,0.00,0.00,0.00,82.4,Active
969973,0.00,0.00,0.00,1.59,0.00,0.83,0.00,90.5,Active
970083,0.00,0.00,0.97,5.80,1.93,0.00,5.80,71.4,Active
970194,0.00,0.42,0.39,1.54,1.93,0.42,0.00,80.2,Active
970201,0.00,0.00,0.00,2.15,0.43,0.00,0.43,86.0,Active
970281,0.00,0.00,0.73,1.82,0.00,0.40,0.36,87.0,Active
970436,0.00,0.71,23.68,0.66,1.32,0.35,0.33,59.2,Active
970506,0.00,0.00,1.96,0.65,0.00,0.00,0.00,93.4,Active
970594,0.00,0.00,10.69,6.29,0.00,0.00,0.00,85.4,Active
970641,0.00,0.00,0.00,2.25,1.69,0.64,0.00,78.6,Active
970686,0.00,0.00,4.80,0.80,0.00,0.00,0.80,88.7,Active
970812,0.00,0.42,0.00,1.16,0.00,0.42,0.00,85.6,Active
970970,0.00,0.37,1.36,1.36,0.34,0.00,0.00,71.5,Active
970998,0.00,0.00,4.81,1.07,0.53,0.00,0.00,81.7,Active
971050,0.00,0.46,1.26,2.94,0.42,0.46,0.00,77.1,Active
971080,0.00,0.00,0.95,1.43,0.48,1.01,0.00,91.5,Active
971206,0.00,0.63,0.00,2.31,0.00,0.63,0.00,93.2,Active
971240,0.00,0.00,0.00,0.57,0.00,0.00,0.00,94.8,Active
971273,0.00,0.38,0.00,1.73,1.04,0.38,0.00,82.2,Active
971315,0.00,0.00,0.00,3.85,2.14,1.14,0.85,88.4,Active
971422,0.00,0.41,0.00,1.11,2.58,1.63,0.00,84.3,Active
971495,0.00,0.00,0.00,2.08,0.35,0.00,0.00,90.1,Active
971598,0.00,0.00,0.00,0.00,0.00,0.00,0.00,71.6,Active
971635,0.00,0.29,9.01,0.56,0.00,0.29,0.28,81.2,Active
971656,0.00,0.00,0.00,2.07,1.38,0.00,0.00,78.2,Active
971667,0.00,1.24,0.00,0.00,1.18,0.00,0.00,72.8,Active
971706,0.00,0.00,0.00,1.47,0.49,0.00,0.00,81.1,Active
971712,0.00,0.00,10.60,1.06,0.35,0.38,0.00,81.4,Active
971803,0.00,0.68,0.33,0.66,1.64,1.70,0.33,74.9,Active
971810,0.00,0.00,0.28,1.97,0.28,0.33,0.00,94.2,Active
971836,0.00,0.29,0.27,0.00,0.82,0.29,0.27,61.9,Active
971840,0.00,0.00,0.31,0.93,0.93,0.00,0.31,74.5,Active
971860,0.00,0.66,0.00,1.24,0.00,0.00,0.00,89.5,Active
971866,0.00,0.49,0.43,0.00,1.28,0.00,0.00,91.3,Active
971871,0.00,1.63,4.18,1.90,1.90,0.41,0.00,88.7,Active
971872,0.00,0.66,0.00,1.25,0.00,0.00,0.31,83.4,Active
971879,0.00,0.50,0.45,4.04,0.90,1.00,0.45,80.0,Active
971887,0.00,0.00,6.63,1.20,0.60,0.00,0.00,89.9,Active
971904,0.00,1.03,0.00,1.46,0.00,0.00,0.00,79.8,Active
971909,0.00,0.00,4.63,0.98,0.24,0.51,0.24,91.7,Active
971913,0.00,1.09,4.35,1.93,0.00,0.55,0.00,76.6,Active
971920,0.00,0.33,0.00,2.70,0.30,0.00,0.30,88.4,Active
971979,0.00,0.00,0.00,4.28,0.53,0.00,0.00,81.0,Active
971990,0.00,1.27,0.30,2.10,0.60,0.32,0.00,80.3,Active
971992,0.00,0.84,0.27,1.07,0.27,0.00,0.00,85.2,Active
971999,0.00,1.11,0.00,3.82,0.35,0.00,0.00,80.8,Active
972008,0.00,0.00,2.08,0.00,0.69,0.00,0.69,86.4,Active
972025,0.00,0.80,0.00,0.74,0.74,0.00,0.00,93.3,Active
972046,0.00,0.00,0.00,0.72,0.72,0.00,0.72,84.7,Active
972058,0.00,0.45,3.35,2.09,0.00,0.00,0.00,95.0,Active
972062,0.00,0.00,0.00,1.43,2.14,0.00,0.00,84.7,Active
972070,0.00,0.00,4.69,0.94,0.00,0.00,0.00,65.5,Active
972122,0.00,0.83,1.01,1.01,1.26,0.55,0.25,90.4,Active
972123,0.00,0.67,0.31,0.92,0.00,1.01,0.31,90.1,Active
972127,0.00,0.00,0.00,2.56,1.28,0.91,0.00,60.6,Active
972133,0.00,0.00,1.46,1.94,0.97,0.00,0.00,87.0,Active
972141,0.00,0.00,0.53,2.11,0.53,0.60,0.00,87.3,Active
972146,0.00,0.00,0.00,0.44,0.44,1.86,0.44,78.7,Active
972148,0.00,1.59,0.00,0.36,0.36,0.80,0.72,91.0,Active
972163,0.00,0.00,0.31,1.24,0.00,0.00,0.31,95.6,Active
972215,0.00,0.00,1.03,0.69,0.00,0.37,0.00,77.2,Active
972221,0.00,0.63,0.54,1.63,1.09,0.00,0.00,84.4,Active
972243,0.00,0.29,0.00,1.10,0.27,0.00,0.00,86.2,Active
972274,0.00,0.00,1.01,0.00,1.01,0.00,1.01,59.7,Active
972344,0.00,0.00,18.24,0.88,0.00,0.32,0.29,85.1,Active
972367,0.00,0.00,4.35,1.30,0.87,1.00,0.87,91.9,Active
972370,0.00,0.00,0.00,1.72,0.43,0.00,0.00,78.1,Active
972411,0.00,0.57,8.38,3.14,5.24,0.00,0.52,75.9,Active
972457,0.00,0.00,0.00,0.00,0.00,0.00,0.00,86.0,Active
972510,0.00,0.00,0.00,1.59,0.00,0.00,0.00,94.8,Active
972519,0.00,0.35,3.57,1.62,0.65,0.35,0.00,91.7,Active
972530,0.00,0.00,0.87,1.74,0.87,1.04,0.00,83.8,Active
972536,0.00,0.00,0.00,1.73,0.58,0.69,0.00,96.4,Active
972540,0.00,0.00,0.00,0.48,0.48,0.00,0.48,84.5,Active
972551,0.00,0.00,0.00,2.81,1.05,0.00,0.35,78.8,Active
972648,0.00,0.00,0.00,0.96,0.00,0.00,0.00,70.1,Active
972667,0.00,0.00,0.42,0.42,0.00,0.46,0.00,77.0,Active
972704,0.00,0.43,0.00,0.40,0.00,0.43,0.40,88.3,Active
972723,0.00,0.84,11.43,2.50,0.71,0.42,0.00,91.7,Active
972725,0.00,0.00,1.21,1.21,0.00,0.00,0.00,90.5,Active
972736,0.00,0.00,17.27,1.61,0.40,0.00,0.80,71.3,Active
972742,0.00,1.52,0.64,1.91,1.91,0.76,0.00,71.9,Active
972803,0.00,0.00,9.30,3.72,0.00,0.50,0.00,92.2,Active
972807,0.00,0.00,0.36,0.72,0.00,0.39,0.00,73.8,Active
972837,0.00,0.00,0.44,1.32,0.88,0.47,0.00,78.3,Active
972936,0.00,0.00,0.00,0.46,1.38,0.00,0.00,76.1,Active
972938,0.00,0.30,0.00,0.58,0.29,0.30,0.29,94.8,Active
972977,0.00,0.82,1.06,5.32,0.00,0.41,0.00,76.7,Active
972994,0.00,0.36,0.00,1.72,0.00,0.36,0.00,86.9,Active
973060,0.00,0.00,0.45,1.81,0.00,0.00,0.00,85.6,Active
973069,0.00,0.00,0.72,0.00,0.00,0.00,0.00,93.4,Active
973071,0.00,0.00,0.51,0.51,0.00,0.54,0.51,90.3,Active
973073,0.00,0.00,7.27,1.36,1.36,0.00,0.00,87.7,Active
973083,0.00,0.50,0.43,3.45,2.16,1.51,0.00,83.6,Active
973093,0.00,0.48,13.90,2.69,0.90,0.00,0.00,86.7,Active
973131,0.00,0.00,1.01,2.51,0.50,0.00,0.00,71.9,Active
973154,0.00,1.13,1.44,0.48,1.92,0.00,0.00,80.4,Active
973176,0.00,0.00,0.00,3.27,1.09,0.00,0.36,87.4,Active
973212,0.00,0.56,0.00,0.53,1.60,0.00,0.00,80.4,Active
973214,0.00,0.00,5.08,0.51,0.00,0.00,0.00,75.6,Active
973268,0.00,0.00,0.00,1.71,0.85,0.00,0.00,87.1,Active
973275,0.00,0.43,1.19,1.19,0.79,0.43,0.00,63.7,Active
973281,0.00,0.52,0.00,0.49,0.00,1.04,0.00,66.2,Active
973444,0.00,0.00,0.00,0.00,0.00,0.00,0.00,77.3,Active
973507,0.00,0.00,0.43,0.85,1.28,0.00,0.00,76.4,Active
973544,0.00,0.56,1.03,5.15,1.55,0.00,0.52,79.6,Active
973557,0.00,0.00,0.00,0.88,0.00,0.00,0.00,81.0,Active
973559,0.00,0.00,0.00,1.10,0.55,0.66,0.00,78.6,Active
973588,0.00,0.00,5.07,1.19,0.30,0.98,0.00,90.7,Active
973597,0.00,0.00,0.00,0.00,0.89,0.00,0.44,95.0,Active
973623,0.00,0.60,0.00,1.05,0.53,1.20,1.58,76.1,Active
973631,0.00,0.00,1.00,1.99,0.33,0.00,0.00,68.7,Active
973708,0.00,0.00,0.00,1.29,0.26,0.60,0.00,97.0,Active
973796,0.00,0.54,0.00,1.05,0.00,0.00,0.00,88.7,Active
973856,0.00,0.00,0.00,0.36,1.81,0.00,0.00,76.8,Active
973892,0.00,0.00,0.68,2.73,0.00,0.00,0.34,91.4,Active
973897,0.00,0.00,0.00,1.01,0.00,0.00,0.00,78.4,Active
973932,0.00,0.00,3.97,2.65,1.32,0.00,0.00,90.1,Active
973972,0.00,0.00,0.38,3.80,0.00,2.18,0.00,81.6,Active
974010,0.00,0.42,0.00,1.87,1.12,0.84,0.37,89.7,Active
974036,0.00,0.32,0.29,1.47,0.59,0.00,0.00,83.4,Active
974041,0.00,0.79,0.00,2.93,0.37,0.00,0.00,73.6,Active
974070,0.00,0.83,0.00,1.48,0.00,0.83,0.74,89.0,Active
974093,0.00,0.00,3.80,3.80,0.00,0.00,0.63,86.4,Active
974107,0.00,0.00,0.40,0.40,1.59,0.85,0.00,77.8,Active
974157,0.00,1.31,0.00,1.99,0.80,0.87,0.00,68.3,Active
974196,0.00,0.77,0.00,0.36,0.36,0.77,0.36,87.6,Active
974274,0.00,0.00,6.04,0.75,0.38,0.81,1.13,92.5,Active
974346,0.00,0.00,0.34,2.06,0.00,0.00,0.34,85.8,Active
974356,0.00,0.47,0.00,2.07,0.00,0.00,0.41,88.1,Active
974367,0.00,0.00,0.00,1.09,1.09,0.00,0.00,73.0,Active
974400,0.00,0.00,0.00,0.60,0.60,0.00,0.00,91.5,Active
974472,0.00,0.00,0.42,2.10,0.84,1.00,0.42,96.7,Active
974477,0.00,0.61,0.00,1.14,0.86,0.31,0.00,94.1,Active
974492,0.00,0.00,5.76,1.49,0.21,0.69,0.43,90.5,Active
974538,0.00,0.38,0.72,0.36,0.00,0.00,0.00,97.2,Active
974545,0.00,0.00,1.06,0.00,0.00,0.00,0.00,97.6,Active
974548,0.00,0.58,5.08,0.56,0.00,1.16,0.56,95.8,Active
974568,0.00,0.45,0.00,1.28,0.00,0.00,0.43,85.2,Active
974623,0.00,0.00,0.00,3.29,1.23,0.00,0.00,93.3,Active
974624,0.00,0.00,0.00,0.31,0.31,0.00,0.00,90.9,Active
974639,0.00,0.00,0.25,1.78,0.51,0.00,0.00,71.4,Active
974672,0.00,0.00,0.00,0.50,0.00,1.12,0.00,96.3,Active
974677,0.00,1.37,0.85,3.39,0.42,0.91,0.42,91.7,Active
974719,0.00,0.00,10.88,0.52,1.04,0.00,0.00,78.2,Active
974720,0.00,0.00,4.60,2.93,3.35,0.00,0.00,78.4,Active
974831,0.00,0.00,3.81,2.54,0.00,0.00,0.00,94.5,Active
974881,0.00,0.00,0.00,1.75,0.88,0.00,0.88,63.9,Active
974917,0.00,0.49,0.00,3.04,1.30,0.00,0.00,85.1,Active
974951,0.00,0.00,0.52,2.06,0.52,0.00,0.00,94.8,Active
974982,0.00,0.00,0.00,0.57,0.00,0.00,0.00,90.0,Active
975028,0.00,0.93,1.31,0.00,0.44,0.47,0.00,71.0,Active
975052,0.00,0.00,2.53,0.84,0.00,2.02,0.00,82.1,Active
975130,0.00,0.00,0.29,0.00,0.00,0.62,0.00,81.0,Active
975156,0.00,0.51,0.00,0.44,1.31,0.51,0.00,79.5,Active
975159,0.00,0.00,0.00,1.38,0.00,0.00,0.46,94.6,Active
975162,0.00,0.78,0.00,0.69,0.00,1.16,0.00,90.7,Active
975192,0.00,0.00,0.00,1.85,1.85,0.00,0.00,94.1,Active
975194,0.00,0.65,1.16,4.65,0.58,0.00,0.00,77.2,Active
975223,0.00,0.00,0.51,3.08,0.00,0.61,0.51,96.4,Active
975224,0.00,0.40,0.00,3.91,0.36,0.40,0.36,87.9,Active
975257,0.00,0.00,0.00,1.68,2.23,0.00,0.00,64.5,Active
975262,0.00,0.00,1.13,1.13,0.00,0.41,0.00,86.7,Active
975279,0.00,0.00,7.19,2.61,0.00,0.00,0.00,91.1,Active
975300,0.00,0.69,1.32,0.99,0.99,0.35,1.66,79.7,Active
975341,0.00,0.26,0.50,0.74,0.50,0.26,0.00,93.0,Active
975367,0.00,0.46,3.40,1.70,2.98,0.46,0.43,77.9,Active
975380,0.00,0.56,0.00,5.13,0.00,1.11,0.00,86.1,Active
975400,0.00,0.00,0.00,2.79,0.00,0.39,0.00,91.3,Active
975404,0.00,0.00,0.00,1.41,0.47,0.00,0.00,94.3,Active
975414,0.00,0.91,0.56,0.28,2.80,0.00,0.00,85.4,Active
975420,0.00,0.65,14.65,1.69,6.48,0.33,0.00,64.4,Active
975429,0.00,0.31,0.00,1.93,1.65,1.24,0.00,75.1,Active
975452,0.00,0.00,0.00,0.92,0.00,0.00,0.46,75.5,Active
975516,0.00,0.00,0.00,2.01,2.01,1.20,0.00,87.6,Active
975549,0.00,0.50,0.00,2.55,0.00,1.00,2.13,82.7,Active
975574,0.00,0.00,0.47,0.93,0.00,0.50,0.00,88.5,Active
975613,0.00,0.00,0.43,1.29,0.00,0.00,0.86,74.4,Active
975619,0.00,0.56,6.85,1.83,1.83,0.00,0.00,72.8,Active
975620,0.00,0.00,0.71,1.43,1.43,0.00,0.00,82.4,Active
975622,0.00,0.00,0.00,1.54,0.77,0.00,0.00,84.6,Active
975624,0.00,0.00,0.73,1.45,0.73,0.80,0.36,95.1,Active
975625,0.00,0.00,0.00,2.08,0.00,0.00,0.00,72.2,Active
975638,0.00,1.02,0.32,0.97,0.00,0.34,0.00,78.4,Active
975657,0.00,0.00,3.66,1.63,2.44,0.00,0.00,88.0,Active
975660,0.00,0.00,1.19,1.19,0.60,0.00,0.00,91.8,Active
975664,0.00,0.49,0.42,2.10,0.42,0.00,0.84,92.0,Active
975667,0.00,0.00,0.83,0.41,0.00,0.00,0.41,89.1,Active
975675,0.00,0.79,0.00,4.73,0.68,0.00,0.00,88.6,Active
975687,0.00,0.00,0.52,1.04,0.00,0.00,1.04,95.3,Active
975689,0.00,0.37,1.30,2.60,0.65,0.37,0.00,83.8,Active
975731,0.00,0.00,0.00,1.97,0.00,0.70,0.00,95.7,Active
975749,0.00,0.76,0.00,1.36,2.04,0.76,0.00,86.8,Active
975753,0.00,0.00,0.00,1.81,0.00,0.00,0.00,89.2,Active
975773,0.00,0.00,0.00,1.01,0.50,0.00,1.51,94.3,Active
975848,0.00,0.00,0.00,0.83,2.50,0.00,0.00,80.0,Active
975904,0.00,0.83,0.00,2.68,1.34,1.65,0.00,95.5,Active
975959,0.00,0.00,0.48,0.96,1.91,0.00,0.00,90.5,Active
975985,0.00,0.00,0.44,1.75,0.00,0.00,0.00,91.4,Active
975993,0.00,0.00,1.83,2.44,0.00,0.67,1.22,70.7,Active
976000,0.00,0.00,0.37,2.20,0.00,0.40,0.00,94.3,Active
976042,0.00,0.87,0.25,4.49,2.49,0.58,0.00,83.1,Active
976072,0.00,0.40,0.00,1.15,0.38,0.00,0.00,83.5,Active
976080,0.00,0.67,3.53,1.76,0.00,1.33,4.12,87.4,Active
976108,0.00,0.75,0.00,1.77,0.35,0.00,0.00,72.8,Active
976147,0.00,0.00,2.19,2.19,0.00,0.91,0.00,87.5,Active
976180,0.00,0.74,0.00,1.82,0.61,1.48,0.00,90.8,Active
976208,0.00,0.58,0.00,2.14,0.53,0.00,0.00,67.2,Active
976225,0.00,0.00,0.87,5.68,1.75,0.00,0.44,87.0,Active
976257,0.00,0.00,0.00,3.20,0.00,0.51,0.46,97.4,Active
976283,0.00,0.00,0.00,5.38,0.77,0.84,0.00,85.0,Active
976344,0.00,0.39,0.00,1.80,0.72,0.39,0.00,92.9,Active
976352,0.00,0.99,8.37,0.88,0.88,0.00,0.00,90.8,Active
976405,0.00,0.74,1.42,1.42,1.06,0.37,0.00,77.2,Active
976420,0.00,0.94,4.74,1.29,1.72,0.47,1.29,79.9,Active
976426,0.00,0.78,0.33,3.91,2.61,0.39,0.00,75.4,Active
976504,0.00,0.48,0.00,1.20,0.40,0.48,0.00,87.2,Active
976506,0.00,2.20,0.00,0.97,0.00,1.10,0.00,87.5,Active
976545,0.00,1.05,0.00,1.91,0.96,0.52,1.91,87.0,Active
976576,0.00,0.00,0.00,0.81,0.00,0.00,0.00,84.9,Active
976582,0.00,0.00,0.71,0.71,0.00,0.00,0.00,77.6,Active
976591,0.39,0.39,0.00,0.36,0.72,0.00,0.36,72.3,Active
976661,0.00,0.00,0.00,0.00,0.95,0.00,0.00,83.6,Active
976678,0.00,0.45,0.00,0.82,1.63,0.00,0.00,73.2,Active
976702,0.00,0.00,0.90,0.90,1.36,0.53,0.45,93.7,Active
976755,0.00,0.93,0.30,1.79,1.49,0.00,0.00,80.6,Active
976763,0.00,0.00,0.00,1.82,1.36,1.08,0.00,96.0,Active
976765,0.00,0.79,0.37,2.57,1.10,0.00,0.37,84.6,Active
976782,0.00,0.51,2.78,2.31,0.00,0.00,0.46,87.6,Active
976802,0.00,0.00,1.07,2.67,1.07,0.00,0.00,89.9,Active
976826,0.00,0.42,0.00,1.21,0.40,0.00,0.00,82.3,Active
976833,0.00,0.00,0.00,0.00,0.38,0.00,0.00,81.9,Active
976834,0.00,0.00,1.61,1.61,0.00,0.00,1.08,88.0,Active
976905,0.00,0.58,4.88,3.90,1.46,0.00,0.00,93.1,Active
976906,0.00,1.10,0.00,4.67,1.40,1.10,0.47,94.4,Active
976941,0.00,0.00,0.00,3.13,0.45,0.00,0.00,89.1,Active
976944,0.00,0.00,0.84,4.20,0.00,0.95,0.84,80.3,Active
977006,0.00,0.77,0.37,1.11,1.48,0.77,0.00,74.7,Active
977007,0.00,0.00,0.00,0.48,0.48,0.00,0.97,92.1,Active
977014,0.00,0.00,0.31,1.83,0.31,0.64,0.00,89.0,Active
977020,0.00,0.00,0.00,1.03,0.00,0.56,1.03,93.6,Active
977045,0.00,0.00,0.00,0.90,0.45,0.00,0.45,98.4,Active
977055,0.00,0.00,0.00,0.99,0.00,0.56,0.99,92.5,Active
977059,0.00,0.00,2.47,2.47,0.00,0.00,0.00,93.6,Active
977061,0.00,0.00,0.00,0.00,0.56,0.00,0.00,82.2,Active
977070,0.00,0.00,1.00,0.00,1.00,0.00,0.00,94.8,Active
977108,0.00,0.35,6.04,1.10,0.27,0.70,1.92,84.2,Active
977132,0.00,0.60,0.53,2.14,0.00,0.60,0.00,50.0,Active
977152,0.00,0.65,11.85,1.82,0.91,0.32,0.61,72.1,Active
977153,0.00,0.00,0.44,0.00,0.00,0.00,0.00,71.8,Active
977170,0.00,0.84,6.92,0.38,0.77,0.00,0.00,79.9,Active
977178,0.00,0.00,2.90,0.97,0.00,0.50,0.00,71.6,Active
977185,0.00,0.38,0.35,1.40,0.70,1.15,1.40,94.2,Active
977230,0.00,0.00,0.00,2.59,0.86,0.00,0.00,81.9,Active
977255,0.00,0.00,0.00,2.07,2.76,0.85,1.38,73.6,Active
977262,0.00,0.74,0.68,1.71,0.00,0.00,0.00,85.4,Active
977271,0.00,0.00,0.00,1.03,2.56,0.59,0.00,74.2,Active
977314,0.00,0.00,0.51,1.03,0.00,0.00,0.51,90.9,Active
977316,0.00,0.55,0.00,1.99,0.50,0.55,0.00,94.4,Active
977337,0.00,0.21,0.19,1.16,1.93,0.21,0.19,78.7,Active
977342,0.00,0.00,8.61,1.12,0.00,0.40,0.00,80.3,Active
977343,0.00,0.00,0.70,1.39,1.39,0.00,0.00,87.3,Active
977344,0.00,0.00,0.65,0.65,0.00,0.00,0.00,98.8,Active
977395,0.00,0.00,0.00,3.44,1.85,0.32,0.00,60.4,Active
977406,0.00,0.00,0.38,1.89,2.27,0.00,0.00,77.8,Active
977412,0.00,1.12,0.00,2.12,0.53,0.00,0.00,83.2,Active
977413,0.00,0.00,0.00,5.45,0.50,0.00,0.00,82.9,Active
977437,0.00,0.33,0.64,1.27,0.32,0.33,0.00,96.0,Active
977447,0.00,0.00,0.44,1.76,0.00,0.49,0.44,86.2,Active
977449,0.00,0.00,4.83,2.07,0.00,1.67,0.00,90.0,Active
977457,0.00,0.56,0.00,1.05,2.09,0.00,0.52,87.3,Active
977464,0.00,0.00,0.00,1.64,1.23,0.94,0.00,82.1,Active
977478,0.00,0.58,0.00,1.60,2.13,0.00,0.00,92.8,Active
977480,0.00,0.00,0.00,2.35,0.00,0.69,0.00,68.8,Active
977481,0.00,0.00,0.00,1.22,1.22,0.00,0.00,82.9,Active
977495,0.00,0.46,1.66,2.49,2.49,0.92,0.41,80.7,Active
977555,0.00,0.00,17.57,2.03,1.01,0.00,0.00,83.9,Active
977560,0.00,0.35,0.34,1.01,0.34,0.35,0.68,84.7,Active
977562,0.00,0.27,0.50,1.49,1.99,0.54,0.25,71.4,Active
977611,0.00,0.00,1.50,0.75,0.75,0.00,0.00,70.9,Active
977628,0.00,1.16,0.00,0.00,0.00,0.00,0.00,80.3,Active
977641,0.00,0.50,0.00,1.34,0.00,0.50,0.00,85.0,Active
977644,0.00,0.00,5.22,1.61,0.40,1.36,0.40,91.7,Active
977648,0.00,0.63,0.00,0.00,1.16,0.00,0.00,80.5,Active
977711,0.00,0.82,1.28,1.53,3.57,0.27,0.00,62.8,Active
977712,0.00,0.00,0.00,4.05,0.00,1.52,1.35,92.5,Active
977742,0.00,0.40,0.00,2.45,0.70,0.40,0.00,95.1,Active
977761,0.00,0.48,0.00,1.35,0.45,0.00,0.00,68.2,Active
977831,0.00,0.00,1.92,5.13,0.64,0.76,0.00,91.6,Active
977835,0.00,0.00,2.01,2.68,2.68,0.75,0.00,96.4,Active
977848,0.00,0.59,1.66,1.10,0.00,0.00,0.00,81.3,Active
977867,0.00,0.35,1.95,2.60,4.55,0.00,0.00,80.8,Active
977868,0.00,0.39,0.00,1.85,0.37,0.00,0.00,84.8,Active
977890,0.00,0.00,0.00,0.71,0.00,0.00,1.42,91.9,Active
977906,0.00,0.61,12.02,2.19,0.00,1.84,0.55,90.9,Active
977913,0.00,0.00,0.00,6.28,0.52,1.88,0.00,77.8,Active
977924,0.00,0.34,0.00,1.31,1.31,0.34,0.33,83.8,Active
977933,0.00,0.00,0.00,1.50,1.00,0.55,0.00,80.9,Active
977939,0.00,0.53,0.00,0.46,0.46,0.00,0.00,82.5,Active
977944,0.00,0.36,0.00,1.02,0.68,0.00,0.00,71.7,Active
977981,0.00,0.68,0.00,1.16,3.47,0.00,0.00,61.3,Active
977990,0.00,0.00,0.00,1.29,0.86,0.00,0.43,96.7,Active
978011,0.00,0.58,0.00,2.58,4.12,0.58,0.26,65.1,Active
978014,0.00,0.48,0.00,2.20,1.76,0.00,0.00,64.7,Active
978025,0.00,0.00,0.71,0.00,0.00,0.78,0.00,82.9,Active
978028,0.00,0.80,3.63,3.02,0.00,0.00,0.00,79.3,Active
978079,0.00,0.47,0.00,0.00,0.00,0.00,0.00,86.8,Active
978092,0.00,0.90,0.42,1.25,1.67,0.00,0.00,66.5,Active
978095,0.00,0.24,0.00,0.91,0.46,0.00,0.00,83.5,Active
978227,0.00,0.00,0.84,5.04,0.00,0.00,0.42,82.8,Active
978230,0.00,0.44,0.00,1.20,0.80,0.88,0.00,83.8,Active
978232,0.00,0.00,0.00,2.34,0.39,1.34,0.00,92.4,Active
978234,0.00,0.43,4.62,4.23,1.15,0.00,0.00,89.0,Active
978256,0.00,1.23,0.00,5.62,0.00,0.61,1.12,91.7,Active
978311,0.00,2.11,0.00,0.00,0.00,1.05,0.95,78.7,Active
978350,0.00,0.43,0.00,2.67,0.00,0.00,0.00,66.9,Active
978355,0.00,0.76,0.00,2.78,0.69,0.76,0.69,82.9,Active
978356,0.00,0.00,0.53,0.53,0.00,0.00,0.00,87.2,Active
978372,0.00,0.37,0.34,2.74,0.00,0.37,0.68,84.1,Active
978401,0.00,0.72,0.00,1.32,0.33,0.36,0.66,91.3,Active
978402,0.00,0.00,1.53,2.04,0.00,0.00,0.00,76.1,Active
978517,0.00,0.00,0.00,1.34,0.00,0.48,0.00,81.9,Active
978552,0.00,0.31,0.58,2.04,1.17,0.31,1.17,86.6,Active
978555,0.00,0.00,0.00,1.30,2.28,1.09,1.30,83.5,Active
978558,0.00,0.00,1.05,1.58,1.58,0.00,0.53,87.0,Active
978576,0.00,0.54,0.00,0.99,0.49,0.54,0.00,75.0,Active
978577,0.00,0.00,6.97,1.99,1.00,0.00,0.00,73.8,Active
978611,0.00,0.00,0.00,4.20,0.35,0.41,1.05,78.7,Active
978615,0.00,0.39,0.00,1.09,0.36,0.39,0.36,74.4,Active
978645,0.00,0.73,4.65,9.30,3.49,0.00,2.33,83.0,Active
978696,0.00,0.00,0.58,0.58,0.58,0.00,0.00,87.2,Active
978704,0.00,0.00,8.92,1.91,0.00,0.70,0.00,62.0,Active
978712,0.00,0.00,0.00,0.57,1.72,0.00,0.00,87.0,Active
978724,0.00,0.37,1.05,1.40,0.00,1.11,0.00,92.3,Active
978746,0.00,0.00,0.73,1.46,2.92,0.00,0.00,66.2,Active
978770,0.00,0.00,0.00,0.58,1.74,0.00,0.00,85.6,Active
978795,0.00,0.00,2.13,5.32,0.35,1.72,0.35,84.8,Active
978853,0.00,0.44,0.00,1.22,0.81,0.00,0.41,77.0,Active
978926,0.00,1.03,0.00,0.00,0.45,1.54,0.00,85.5,Active
978980,0.00,0.44,0.00,0.41,0.41,0.00,0.00,68.4,Active
978983,0.00,0.62,0.00,0.00,1.09,0.00,0.55,84.6,Active
979003,0.00,0.00,0.50,0.99,0.00,0.00,0.50,86.9,Active
979033,0.00,0.00,0.00,2.51,0.00,0.54,0.00,66.1,Active
979053,0.00,0.00,0.00,2.99,0.00,0.90,3.73,88.2,Active
979108,0.00,0.59,0.00,1.68,0.56,0.59,0.00,81.0,Active
979119,0.00,1.54,0.00,2.64,0.44,2.05,1.32,81.1,Active
979127,0.00,0.00,0.67,1.68,0.00,0.36,0.00,95.6,Active
979128,0.00,0.65,0.00,2.27,0.57,0.65,1.70,66.3,Active
979231,0.00,0.00,0.00,4.56,0.00,0.00,2.07,85.2,Active
979310,0.00,0.00,0.47,0.47,0.47,0.00,0.47,77.9,Active
979313,0.00,0.00,1.36,1.81,0.45,0.47,0.00,66.2,Active
979317,0.00,0.43,0.00,0.41,0.41,0.00,0.00,75.3,Active
979323,0.00,0.45,0.00,2.52,0.84,0.45,0.84,75.4,Active
979330,0.00,0.00,0.00,3.24,1.85,0.52,0.00,76.6,Active
979332,0.00,0.00,0.45,1.36,0.45,0.52,0.91,86.1,Active
979355,0.00,0.45,2.42,3.23,1.21,0.00,0.00,79.0,Active
979357,0.00,0.38,12.28,2.11,0.00,0.76,1.05,72.8,Active
979382,0.00,0.48,0.00,0.00,0.00,0.48,0.00,73.7,Active
979390,0.00,0.61,0.00,0.55,0.55,0.61,0.00,78.9,Active
979400,0.00,0.00,3.45,5.17,0.43,0.00,0.00,83.3,Active
979411,0.00,0.00,0.00,2.10,0.42,0.00,0.00,77.6,Active
979412,0.00,0.33,0.00,0.93,0.46,0.16,0.00,61.8,Active
979430,0.00,0.00,0.00,2.19,0.00,0.00,0.73,92.3,Active
979446,0.00,1.30,3.66,2.44,2.44,0.00,0.00,82.4,Active
979448,0.00,0.00,1.38,2.29,0.00,0.53,0.46,92.6,Active
979453,0.00,0.37,1.99,2.33,1.00,1.12,0.00,87.0,Active
979482,0.00,0.00,0.00,3.01,1.50,0.00,2.26,80.7,Active
979492,0.00,0.00,0.51,1.01,0.00,1.23,0.00,73.0,Active
979514,0.00,0.00,0.00,1.94,0.00,1.16,0.00,77.3,Active
979534,0.00,0.00,0.00,1.52,0.61,0.32,0.00,93.4,Active
979575,0.00,0.00,0.00,2.30,2.62,0.36,0.00,78.6,Active
979578,0.00,0.00,0.00,1.56,0.78,0.00,0.00,79.7,Active
979582,0.00,0.00,0.65,1.94,0.00,0.00,0.00,94.8,Active
979588,0.00,0.00,1.37,10.96,0.91,0.00,0.00,75.9,Active
979606,0.00,0.56,0.00,0.49,0.49,1.11,0.49,86.8,Active
979609,0.00,0.47,1.25,4.17,1.67,0.00,0.00,76.9,Active
979610,0.00,0.00,0.00,2.48,0.83,0.98,0.00,80.4,Active
979611,0.00,0.00,1.25,0.00,0.00,0.00,0.00,85.4,Active
979626,0.00,0.00,0.54,1.08,0.54,0.61,0.00,88.2,Active
979642,0.00,0.00,0.00,0.47,0.00,0.49,0.00,94.4,Active
979643,0.00,1.27,0.00,0.57,0.57,0.00,0.00,87.4,Active
979651,0.00,1.02,0.47,0.94,0.00,0.00,0.00,81.4,Active
979656,0.00,0.00,0.00,2.14,0.00,0.83,0.71,85.0,Active
979679,0.00,0.00,0.53,1.07,0.00,0.57,0.00,87.9,Active
979680,0.00,0.00,0.00,1.03,0.00,1.10,0.00,81.1,Active
979694,0.00,0.59,3.32,2.84,0.00,0.00,0.00,86.4,Active
979696,0.00,0.00,0.00,1.82,2.55,0.41,0.36,84.0,Active
979699,0.00,0.68,0.00,1.90,0.00,1.35,0.00,94.2,Active
979704,0.70,0.00,0.00,2.44,1.22,0.00,0.61,90.3,Active
979707,0.00,0.47,0.00,0.85,0.85,0.00,0.00,73.5,Active
979735,0.00,0.00,8.02,1.85,0.00,0.68,0.00,93.3,Active
979736,0.00,1.26,12.12,1.21,0.00,0.00,0.00,96.8,Active
979738,0.00,0.00,2.22,1.48,0.00,0.00,0.00,95.0,Active
979761,0.00,0.00,1.40,0.93,0.00,0.51,1.40,84.0,Active
979763,0.00,0.00,1.63,0.00,0.41,0.00,0.00,71.2,Active
979775,0.00,0.76,0.00,1.37,2.41,0.38,0.00,84.1,Active
979804,0.00,0.00,0.55,1.66,3.31,0.62,0.00,71.1,Active
979816,0.00,0.00,0.30,0.91,4.23,0.00,0.00,66.0,Active
979835,0.00,0.00,0.55,0.55,0.55,0.59,0.00,82.6,Active
979874,0.00,0.00,0.00,0.00,0.90,0.00,0.00,83.2,Active
979898,0.00,0.69,0.34,2.03,0.34,0.00,0.00,77.1,Active
979899,0.00,0.38,0.71,1.41,1.06,0.00,0.00,76.6,Active
979902,0.00,0.57,1.66,0.55,0.00,0.57,0.00,82.0,Active
979906,0.00,0.00,1.36,2.72,1.36,0.00,0.68,75.0,Active
979908,0.00,0.57,0.00,0.53,2.13,1.15,0.00,88.2,Active
979915,0.00,0.00,0.00,0.95,0.48,0.00,0.00,68.3,Active
979934,0.00,0.00,0.00,1.65,0.00,1.27,0.00,96.1,Active
979936,0.00,0.00,0.00,0.00,0.51,1.14,0.51,89.2,Active
979938,0.00,0.00,6.02,1.50,0.00,0.00,0.00,94.0,Active
979976,0.00,0.00,0.00,0.54,0.54,0.60,1.61,90.0,Active
979977,0.00,0.00,0.00,2.84,0.00,0.76,0.00,59.6,Active
980006,0.00,0.98,0.00,1.68,0.00,0.00,0.42,82.6,Active
980008,0.75,0.00,0.00,0.00,0.00,0.75,0.71,63.4,Active
980049,0.00,0.00,0.65,3.25,0.00,0.71,1.30,93.0,Active
980065,0.00,0.00,1.32,1.99,1.99,0.00,0.00,71.3,Active
980075,0.00,0.00,0.00,0.83,0.00,0.00,0.83,70.1,Active
980086,0.00,0.00,9.52,1.19,0.00,0.00,0.00,90.0,Active
980111,0.00,0.00,0.00,0.97,0.00,0.00,0.00,86.2,Active
980132,0.00,0.54,0.00,4.39,0.49,2.17,0.98,86.5,Active
980139,0.00,0.00,1.18,0.59,0.00,0.00,0.00,77.9,Active
980165,0.00,0.00,2.42,1.38,1.38,0.00,0.35,81.5,Active
980167,0.00,0.00,0.38,3.76,0.38,0.00,0.00,75.2,Active
980171,0.00,0.00,5.88,1.81,0.45,2.43,0.45,89.3,Active
980174,0.00,0.00,0.00,3.20,0.00,0.00,0.00,76.2,Active
980180,0.00,0.00,1.37,3.42,0.00,1.53,0.00,88.0,Active
980181,0.00,0.00,3.52,1.41,0.70,0.00,0.70,96.2,Active
980190,0.00,0.00,0.00,0.65,0.00,0.00,0.00,87.7,Active
980204,0.00,0.00,0.00,1.79,1.79,2.55,0.00,93.9,Active
980205,0.00,0.00,0.00,4.17,0.00,1.90,0.00,74.6,Active
980226,0.00,0.00,0.99,1.49,0.50,0.54,0.50,81.1,Active
980229,0.00,0.00,0.00,1.20,0.60,0.00,0.00,83.0,Active
980234,0.00,0.00,0.62,1.85,0.00,0.00,0.00,82.8,Active
980236,0.00,1.46,0.89,0.00,0.44,0.98,0.44,83.1,Active
980237,0.00,1.79,2.53,1.52,1.01,0.00,0.00,88.2,Active
980238,0.00,1.17,0.53,1.60,0.00,0.00,0.00,84.1,Active
980248,0.00,0.57,0.51,1.54,0.00,0.57,0.00,75.2,Active
980257,0.00,0.47,2.67,1.33,0.00,0.00,0.00,83.1,Active
980266,0.00,0.00,0.73,1.46,0.73,0.80,0.00,78.4,Active
980307,0.00,0.00,1.08,1.61,2.15,0.00,0.00,87.1,Active
980322,0.00,0.00,0.00,2.06,2.06,0.61,0.00,84.1,Active
980336,0.00,0.00,0.00,1.45,3.62,0.00,0.00,63.6,Active
980338,0.00,0.00,1.24,0.83,0.00,0.00,0.00,77.8,Active
980340,0.00,0.00,1.15,5.75,0.38,0.87,0.00,92.6,Active
980344,0.00,0.83,0.00,1.56,0.00,0.00,0.00,84.8,Active
980353,0.00,0.57,0.00,1.55,0.00,0.00,0.52,79.4,Active
980368,0.00,0.32,0.00,3.55,0.89,0.32,0.00,72.9,Active
980371,0.00,0.48,0.86,2.16,1.29,0.00,0.00,82.4,Active
980375,0.00,0.00,1.80,0.60,0.00,1.99,0.00,91.1,Active
980381,0.00,0.00,0.00,0.00,0.00,0.42,0.00,64.3,Active
980388,0.00,0.41,5.24,1.12,0.00,0.00,0.00,88.8,Active
980395,0.00,0.00,0.42,3.33,2.08,1.90,0.00,88.6,Active
980411,0.00,0.49,0.44,1.75,0.88,0.00,0.00,85.6,Active
980417,0.00,0.66,0.65,1.94,0.00,0.00,0.65,86.6,Active
980419,0.00,0.00,0.58,2.34,0.00,1.38,0.58,91.4,Active
980439,0.00,0.00,0.29,1.75,3.80,0.00,0.29,75.7,Active
980451,0.00,0.00,0.00,2.58,1.94,0.74,0.00,86.3,Active
980485,0.00,0.00,0.63,3.13,0.63,0.67,0.00,94.6,Active
980514,0.00,0.00,0.00,4.07,0.81,0.93,0.00,68.4,Active
980519,0.00,0.00,0.00,1.63,0.70,0.25,0.23,79.5,Active
980528,0.00,0.00,0.00,0.00,0.59,0.00,0.00,88.9,Active
980539,0.00,0.00,0.53,3.68,1.05,0.00,0.00,86.0,Active
980578,0.00,0.00,0.00,1.94,0.00,0.00,0.00,85.0,Active
980588,0.00,0.69,0.00,0.64,0.00,0.69,0.64,89.7,Active
980590,0.00,0.00,17.33,1.33,2.00,0.36,0.00,60.0,Active
980592,0.00,0.74,9.68,1.94,0.65,0.00,0.00,80.8,Active
980595,0.00,0.54,0.00,0.52,0.00,0.54,0.00,80.0,Active
980615,0.00,1.10,0.53,1.06,0.53,0.00,0.00,91.1,Active
980628,0.00,0.00,3.49,5.81,1.16,0.63,1.16,83.3,Active
980646,0.00,0.00,1.08,4.30,0.00,0.00,0.00,97.0,Active
980656,0.00,0.00,1.47,3.68,4.41,0.83,0.74,64.7,Active
980663,0.00,0.00,0.00,2.13,0.00,0.81,0.00,98.4,Active
980687,0.00,0.00,0.00,0.00,0.97,1.01,0.00,78.8,Active
980712,0.00,0.00,0.00,0.58,0.00,2.03,0.00,73.3,Active
980714,0.00,0.00,0.00,1.02,0.51,0.00,0.00,67.3,Active
980715,0.00,0.00,2.44,0.00,1.22,0.00,0.00,92.1,Active
980721,0.00,0.00,0.00,0.00,0.00,0.79,0.00,91.8,Active
980723,0.00,0.76,0.69,0.69,0.00,0.00,0.00,94.9,Active
980726,0.00,0.58,0.00,1.05,0.00,1.16,0.00,97.2,Active
980730,0.00,0.00,0.00,1.12,0.56,0.00,1.12,73.5,Active
980756,0.00,0.00,0.00,0.00,0.00,0.76,0.00,91.1,Active
980762,0.00,0.93,0.00,4.20,0.70,0.00,0.00,93.8,Active
980777,0.00,1.06,0.00,0.00,0.00,0.00,0.00,83.7,Active
980791,0.00,0.00,1.21,4.24,1.21,0.00,0.00,66.0,Active
980792,0.00,0.00,1.60,0.80,0.00,0.84,0.00,54.7,Active
980832,0.00,0.00,4.31,0.00,1.91,0.00,0.48,87.0,Active
980836,0.00,0.00,0.00,1.73,1.16,3.92,0.00,67.4,Active
980837,0.00,0.00,1.56,4.69,0.00,0.86,0.00,65.7,Active
980842,0.00,0.00,0.51,1.52,0.00,0.53,0.00,73.5,Active
980846,0.00,0.00,0.00,4.17,0.00,0.00,0.00,77.8,Active
980849,0.00,1.16,4.23,4.23,5.16,1.16,0.94,80.0,Active
980850,0.00,0.00,0.00,0.60,1.20,1.31,0.00,53.9,Active
980859,0.00,0.00,0.00,0.93,0.00,0.00,0.00,88.7,Active
980865,0.00,0.00,0.59,2.94,0.00,1.23,0.00,81.6,Active
980918,0.00,0.00,0.00,2.19,0.00,1.55,0.00,84.2,Active
980945,0.00,0.48,0.82,3.70,0.00,3.35,0.00,87.2,Active
980946,0.00,0.61,3.91,1.12,2.23,0.00,0.00,81.7,Active
980947,0.00,0.51,0.00,1.47,0.49,1.02,0.00,88.4,Active
980952,0.00,1.68,0.00,3.38,0.97,0.56,0.48,70.3,Active
980963,0.00,0.00,3.03,2.27,0.76,0.00,0.00,89.1,Active
980967,0.00,0.77,0.68,0.68,0.68,0.00,0.00,84.4,Active
980968,0.00,0.00,0.00,0.59,0.59,0.00,0.59,80.8,Active
981002,0.00,0.48,0.43,1.30,0.87,0.96,0.00,77.0,Active
981018,0.00,0.00,1.04,2.07,0.00,1.11,1.04,42.2,Active
981021,0.00,0.00,0.00,0.55,0.00,1.19,0.55,81.3,Active
981022,0.00,0.00,0.46,0.92,0.00,1.58,0.00,89.1,Active
981029,0.00,0.00,1.97,0.49,0.00,0.00,0.00,92.8,Active
981069,0.00,0.52,0.00,1.46,0.00,0.00,0.00,69.2,Active
981074,0.00,0.44,0.00,1.56,3.11,1.75,0.00,81.7,Active
981130,0.00,0.00,3.21,1.92,2.56,0.00,0.00,80.4,Active
981133,0.00,0.00,0.00,1.07,0.00,1.16,0.00,78.4,Active
981155,0.00,0.00,0.00,1.35,1.35,0.72,0.00,87.2,Active
981159,0.00,1.22,0.00,5.43,0.00,4.88,1.09,88.0,Active
981160,0.00,0.57,0.00,0.00,0.00,0.00,0.00,78.6,Active
981163,0.00,0.41,0.39,2.70,0.77,0.41,0.00,75.5,Active
981178,0.00,0.00,0.28,1.38,1.10,0.33,1.38,73.1,Active
981185,0.00,0.00,16.07,3.57,7.14,4.35,0.00,86.4,Active
981217,0.00,0.00,0.00,1.08,0.00,0.39,0.72,90.6,Active
981225,0.00,0.00,8.54,1.22,0.00,0.00,0.00,91.9,Active
981249,0.00,0.77,0.00,2.79,0.70,0.00,0.00,94.3,Active
981258,0.00,0.00,0.00,0.00,0.00,0.00,0.00,73.8,Active
981264,0.00,0.00,7.07,0.54,0.00,0.00,0.00,78.5,Active
981268,0.00,0.00,1.15,4.23,0.38,0.81,0.00,60.0,Active
981270,0.00,0.00,0.00,0.92,0.00,0.96,0.46,78.8,Active
981304,0.00,0.00,0.75,0.00,1.49,0.80,0.00,79.2,Active
981310,0.00,0.00,0.00,3.48,0.00,0.00,0.00,93.0,Active
981316,0.00,0.00,0.00,0.91,0.00,0.00,0.91,85.7,Active
981321,0.00,0.00,0.00,1.75,0.58,1.99,0.58,66.7,Active
981329,0.00,0.00,0.88,0.00,0.88,0.00,0.00,92.1,Active
981330,0.00,0.00,0.73,3.30,0.00,0.00,0.00,91.0,Active
981332,0.00,0.00,0.59,1.76,0.59,1.37,0.00,90.1,Active
981335,0.00,0.00,6.16,1.37,0.00,0.00,0.00,95.2,Active
981368,0.00,0.00,0.00,2.24,0.37,0.40,0.00,68.1,Active
981369,0.00,0.00,0.00,0.00,1.03,0.00,0.00,84.8,Active
981381,0.00,0.74,0.00,1.08,0.72,0.00,0.00,86.7,Active
981410,0.00,0.00,2.91,4.07,4.65,0.00,0.00,72.1,Active
981452,0.00,0.00,0.00,0.95,1.90,1.09,0.00,85.5,Active
981454,0.00,0.00,0.39,0.39,0.78,0.00,0.00,94.5,Active
981486,0.00,0.00,0.00,0.91,0.46,0.50,0.00,79.6,Active
981487,0.00,0.39,0.00,3.08,1.03,0.39,0.34,68.9,Active
981489,0.00,0.00,2.26,3.01,0.75,0.83,0.00,91.2,Active
981490,0.00,0.00,0.00,1.08,0.00,1.30,0.00,82.4,Active
981520,0.00,0.00,0.00,0.00,0.00,0.00,1.27,94.3,Active
981538,0.00,0.46,0.88,0.88,0.44,0.00,0.00,78.9,Active
981601,0.00,0.00,0.00,0.56,0.00,0.61,0.00,81.5,Active
981610,0.00,0.00,0.00,2.01,0.67,0.00,0.00,83.8,Active
981616,0.00,0.00,0.00,2.50,0.00,0.93,0.00,79.0,Active
981622,0.00,0.59,0.56,1.69,0.00,1.18,0.00,78.5,Active
981624,0.00,0.00,2.10,3.50,0.70,0.00,1.40,89.9,Active
981648,0.00,0.00,2.26,1.69,0.00,0.00,0.00,97.0,Active
981660,0.00,0.00,1.94,1.94,0.00,0.00,0.00,86.2,Active
981661,0.00,0.78,0.68,4.05,0.68,0.00,0.00,91.6,Active
981681,0.00,0.00,1.40,1.87,0.00,0.00,0.00,91.1,Active
981685,0.00,0.77,0.69,1.39,0.69,0.77,1.39,68.4,Active
981690,0.00,0.00,2.44,2.44,0.00,0.00,0.00,74.5,Active
981696,0.00,0.00,0.79,0.79,0.79,0.00,0.79,81.0,Active
981710,0.00,0.00,0.00,2.40,0.60,0.00,0.00,78.6,Active
981744,0.00,0.00,0.00,2.29,0.76,0.95,0.00,65.5,Active
981749,0.00,0.00,0.00,0.85,0.85,0.00,0.85,93.3,Active
981758,0.00,0.00,0.00,1.61,0.54,0.00,0.00,91.8,Active
981764,0.00,0.00,0.46,0.92,0.00,0.00,0.92,90.7,Active
981773,0.00,0.81,0.00,3.76,3.01,0.00,0.00,71.4,Active
981775,0.00,0.65,0.30,0.89,0.30,0.98,0.59,87.8,Active
981788,0.00,0.00,0.00,6.22,0.00,1.24,1.55,83.3,Active
981791,1.28,0.00,1.09,2.17,0.00,0.00,0.00,77.4,Active
981792,0.00,0.00,0.00,5.37,0.00,0.00,0.00,69.8,Active
981794,0.00,0.00,3.28,2.46,1.64,0.00,0.00,69.4,Active
981796,0.00,0.00,0.60,2.40,0.00,1.38,0.00,84.1,Active
981797,0.00,0.00,2.38,1.19,0.00,1.31,0.60,80.8,Active
981810,0.00,0.00,0.00,2.25,0.00,0.00,0.00,96.6,Active
981814,0.00,0.00,0.54,2.70,0.00,0.00,0.00,87.9,Active
981832,0.00,0.00,0.00,2.56,0.00,0.58,0.00,74.1,Active
981839,0.00,0.00,0.00,0.69,0.69,1.54,0.00,70.5,Active
981840,0.00,0.79,4.73,3.38,0.68,1.57,0.00,85.5,Active
981844,0.00,0.00,1.27,1.27,1.90,0.71,0.63,74.7,Active
981845,0.00,0.00,0.00,0.66,0.99,0.00,0.00,80.4,Active
981849,0.00,0.00,0.00,1.23,0.00,2.05,0.62,94.9,Active
981850,0.00,0.00,2.00,0.67,0.00,0.00,0.00,64.9,Active
981854,0.00,0.93,0.00,1.63,0.00,0.00,0.00,87.7,Active
981860,0.00,0.00,0.00,2.01,0.50,0.60,0.00,70.4,Active
981888,0.00,0.57,0.00,2.13,1.60,2.29,0.00,86.8,Active
981892,0.00,0.00,0.43,2.16,0.43,0.99,0.00,77.0,Active
981896,0.00,0.00,0.00,1.94,0.00,1.10,0.97,94.4,Active
981911,0.00,0.00,0.75,3.01,0.00,1.57,0.00,71.6,Active
981915,0.00,0.00,0.66,0.66,1.32,0.00,0.00,91.8,Active
981932,0.00,0.63,1.19,2.38,0.60,0.00,0.00,85.4,Active
981938,0.00,0.00,3.33,0.00,2.00,0.77,0.00,79.1,Active
981939,0.00,0.00,0.00,1.09,0.55,0.00,0.00,87.6,Active
981940,0.00,0.00,0.00,1.46,0.00,0.00,1.46,71.0,Active
981943,0.00,0.64,0.00,2.23,1.68,0.64,0.56,75.7,Active
981953,0.00,0.00,1.23,1.23,0.82,0.44,0.00,87.6,Active
981971,0.00,0.00,2.70,5.41,1.35,2.82,0.00,77.2,Active
981974,0.00,0.00,0.00,0.00,0.00,0.00,0.00,86.8,Active
981978,0.00,0.00,0.00,0.76,0.76,0.82,0.00,88.5,Active
981986,0.00,0.00,0.00,1.61,0.00,0.00,0.00,69.9,Active
981991,0.00,0.00,0.00,1.80,0.60,0.00,0.60,81.2,Active
982002,0.00,0.00,0.00,1.52,0.00,1.06,0.00,95.5,Active
982012,0.00,0.00,0.60,2.40,0.60,0.65,0.60,75.8,Active
982016,0.00,0.00,0.00,0.00,0.00,0.61,0.57,83.3,Active
982018,0.00,0.68,0.00,0.60,2.41,0.68,0.00,79.5,Active
982029,0.00,0.00,0.00,0.00,0.00,0.00,0.00,89.5,Active
982040,0.00,0.00,1.44,1.44,2.16,0.94,0.72,86.5,Active
982045,0.00,0.67,0.00,0.00,0.00,1.33,0.00,88.7,Active
982051,0.00,0.00,0.56,1.12,0.00,1.17,0.00,90.4,Active
982057,0.00,0.00,0.00,2.19,0.55,0.59,0.00,79.7,Active
982069,0.00,0.00,0.72,0.72,0.00,0.00,0.00,85.9,Active
982081,0.00,0.00,0.00,1.26,1.26,1.38,0.00,81.6,Active
982086,0.00,0.00,0.00,3.28,0.00,1.79,0.00,93.5,Active
982087,0.00,0.00,0.00,1.27,1.91,0.74,0.64,79.4,Active
982111,0.00,0.00,0.00,2.55,0.00,0.00,0.00,72.7,Active
982116,0.00,0.00,1.03,2.05,0.00,0.00,0.00,90.8,Active
982121,0.00,0.81,0.00,2.04,0.00,0.81,0.68,91.4,Active
982133,0.00,0.00,0.00,0.00,0.00,0.00,0.00,68.9,Active
982170,0.00,0.00,0.00,0.65,0.65,0.79,0.00,57.5,Active
982175,0.00,1.12,0.00,0.00,1.03,0.00,0.51,71.0,Active
982184,0.00,0.00,3.63,1.55,1.55,0.00,0.00,79.8,Active
982195,0.00,0.00,0.00,4.58,0.76,0.94,0.76,93.8,Active
982200,0.00,0.87,0.00,2.29,0.00,0.87,0.00,72.7,Active
982208,0.00,0.00,0.00,3.51,0.88,2.97,0.88,88.9,Active
982223,0.00,0.00,0.00,0.00,0.00,1.80,0.00,89.8,Active
982254,0.00,0.00,0.00,2.15,1.08,1.18,0.00,76.6,Active
982268,0.00,0.53,0.50,2.50,0.00,0.53,0.00,81.6,Active
982271,0.00,0.00,0.00,0.96,0.96,0.00,0.00,82.1,Active
982286,0.00,0.00,0.00,5.56,0.69,0.79,0.00,95.0,Active
982298,0.00,0.00,0.00,1.86,0.00,0.00,0.00,73.7,Active
982302,0.00,0.83,0.00,0.79,0.00,0.83,0.79,82.4,Active
982316,0.00,0.00,2.00,1.33,0.00,0.00,0.00,92.1,Active
982325,0.00,0.00,0.85,3.42,0.00,0.00,0.85,64.9,Active
982332,0.00,0.72,1.27,1.91,0.00,0.00,0.00,76.3,Active
982333,0.00,0.00,1.80,1.80,1.35,1.03,0.45,83.0,Active
982357,0.00,0.00,0.00,0.59,0.00,1.24,0.59,72.9,Active
982358,0.00,0.00,0.00,2.36,1.57,3.67,5.51,71.4,Active
982363,0.00,0.00,1.54,0.77,3.08,0.00,0.00,87.8,Active
982398,0.00,0.00,0.77,0.00,0.77,0.00,0.77,86.6,Active
982400,0.00,0.00,0.00,0.00,1.64,0.00,0.00,88.0,Active
982418,0.00,0.00,0.96,1.44,0.48,1.59,0.00,86.1,Active
982424,0.00,0.00,0.00,0.00,0.00,0.00,0.00,95.0,Active
982425,0.00,0.00,1.54,0.00,0.77,0.00,0.00,94.9,Active
982443,0.00,0.00,1.29,3.45,0.00,0.00,0.00,93.8,Active
982449,0.00,0.00,1.79,1.79,0.00,0.00,0.00,97.1,Active
982458,0.00,0.00,3.98,1.70,1.70,0.61,0.00,53.5,Active
982472,0.00,0.00,0.00,1.77,1.77,0.00,1.77,60.9,Active
982477,0.00,0.00,0.62,1.23,0.00,0.00,0.62,91.3,Active
982479,0.00,0.00,0.00,1.56,0.78,0.00,0.78,89.5,Active
982489,0.00,0.00,0.00,0.64,0.00,2.11,0.00,67.8,Active
982491,0.00,1.44,0.00,0.63,2.52,1.44,0.00,90.3,Active
982508,0.00,0.53,0.00,1.01,1.01,1.06,0.00,87.4,Active
982512,0.00,0.00,0.00,1.12,3.37,0.00,0.00,72.7,Active
982516,0.00,0.00,0.00,2.11,0.00,0.00,0.00,78.8,Active
982517,0.00,0.00,5.18,5.18,0.00,0.00,0.00,95.8,Active
982523,0.00,0.71,1.37,1.37,0.00,0.71,0.00,75.8,Active
982542,0.00,1.75,0.00,3.76,3.01,0.00,1.50,68.0,Active
982543,0.00,0.00,0.00,1.41,1.88,0.00,0.00,79.8,Active
982546,0.00,0.00,0.00,0.00,0.00,3.64,0.00,57.7,Active
982549,0.00,0.00,0.00,0.00,0.00,0.00,0.00,80.3,Active
982551,0.00,0.39,0.00,1.12,0.37,0.78,0.00,90.9,Active
982552,0.00,0.00,0.00,0.63,0.63,0.67,0.63,81.1,Active
982555,0.00,0.00,0.00,2.82,0.00,1.79,0.56,87.0,Active
982566,0.00,0.00,0.00,2.02,0.00,0.00,0.00,95.9,Active
982574,0.00,0.52,0.50,1.01,0.00,2.09,0.50,94.1,Active
982577,0.00,0.00,5.70,1.90,0.00,0.68,0.00,80.0,Active
982579,0.00,0.00,0.00,3.29,0.66,0.00,0.00,69.6,Active
982581,0.00,0.00,0.00,1.45,0.00,1.67,0.00,51.7,Active
982587,0.00,0.00,0.00,2.83,0.00,1.11,0.00,95.6,Active
982593,0.00,0.00,0.00,0.79,0.00,0.00,0.00,84.4,Active
982602,0.00,0.00,0.00,4.76,0.00,0.00,0.00,84.5,Active
982609,0.00,0.00,3.09,0.00,1.03,0.00,0.00,89.6,Active
982612,0.00,0.00,0.00,0.00,3.09,1.22,1.03,68.0,Active
982632,0.00,0.00,5.60,5.60,0.00,0.00,0.00,92.3,Active
982637,0.00,0.00,0.00,2.08,0.00,0.85,0.00,89.0,Active
982640,0.00,0.95,0.00,1.74,0.00,0.00,0.00,79.6,Active
982646,0.00,0.00,2.35,0.00,0.00,1.23,0.00,77.3,Active
982658,0.00,0.00,1.01,0.51,1.01,1.78,0.00,68.6,Active
982660,0.00,0.00,0.00,1.44,0.48,0.51,0.00,88.3,Active
982661,0.00,0.00,6.13,0.61,1.23,0.69,0.00,84.3,Active
982662,0.00,0.00,0.76,0.00,0.76,0.93,0.00,83.3,Active
982663,0.00,0.00,0.00,1.52,0.00,0.00,0.00,96.5,Active
982670,0.00,1.11,0.00,3.70,1.85,0.00,0.00,88.1,Active
982672,0.00,0.46,0.87,4.76,0.00,0.46,0.00,91.9,Active
982678,0.00,0.00,0.00,0.00,2.31,0.49,0.00,84.1,Active
982690,0.00,0.00,0.00,1.02,0.00,0.00,0.00,73.0,Active
982692,0.00,0.00,0.00,0.00,0.00,0.00,0.00,91.4,Active
982695,0.00,0.00,0.00,1.01,1.01,1.06,0.00,72.3,Active
982703,0.00,0.78,0.00,3.01,0.00,0.00,0.75,81.6,Active
982704,0.00,0.00,0.00,2.67,0.67,2.24,0.67,77.3,Active
982714,0.00,0.00,0.00,2.19,0.73,1.55,0.00,78.5,Active
982716,0.00,0.84,0.00,0.76,0.00,0.00,0.76,88.6,Active
982724,0.00,0.00,0.00,0.79,0.79,0.93,0.79,72.5,Active
982731,0.00,0.00,1.23,0.00,0.00,2.67,0.00,77.1,Active
982732,0.00,0.00,0.00,0.00,1.08,0.00,0.00,87.5,Active
982746,0.00,0.00,0.00,0.97,0.00,1.08,0.00,95.7,Active
982751,0.00,0.00,1.33,0.00,0.00,0.00,0.00,64.7,Active
982764,0.00,0.00,0.00,1.56,0.00,0.00,0.00,80.6,Active
982769,0.00,0.00,0.51,1.54,1.03,0.56,1.03,65.1,Active
982774,0.00,0.00,0.00,0.00,0.00,0.00,0.00,92.7,Active
982785,0.00,0.00,0.00,5.34,3.05,0.83,0.00,67.7,Active
982797,0.00,0.91,0.00,4.20,0.84,0.00,0.00,65.9,Active
982799,0.00,0.00,0.00,1.69,0.56,1.27,0.56,83.7,Active
982800,0.00,0.00,0.00,0.76,0.76,0.00,0.76,89.8,Active
982807,0.00,0.00,3.57,0.89,0.00,0.00,0.00,67.4,Active
982825,0.00,0.83,0.00,0.00,0.00,0.00,0.00,67.1,Active
982826,0.00,0.00,0.00,0.67,0.00,0.00,0.00,62.3,Active
982829,0.00,0.00,0.00,0.00,0.50,0.00,0.00,79.7,Active
982848,0.00,0.92,1.32,0.44,0.88,0.46,0.00,80.7,Active
982850,0.00,0.00,0.00,1.41,0.00,0.72,0.00,61.1,Active
982853,0.00,0.00,0.00,1.56,0.00,0.00,0.00,75.0,Active
982859,0.00,0.00,0.50,2.48,3.96,1.73,0.00,87.5,Active
982869,0.00,0.00,0.00,0.00,0.00,3.70,0.00,73.5,Active
982875,0.00,0.00,0.00,0.78,0.00,0.94,0.00,81.6,Active
982885,0.00,0.00,1.72,3.45,0.00,2.06,0.00,85.7,Active
982886,0.00,0.00,0.00,2.60,0.00,0.61,0.52,81.8,Active
982889,0.00,0.00,0.00,0.66,0.66,0.00,0.00,83.1,Active
982909,0.00,0.00,0.00,0.00,0.00,0.00,0.00,83.3,Active
982917,0.00,0.00,0.00,1.01,0.00,1.11,0.00,62.2,Active
982919,0.00,0.00,3.82,1.27,0.00,0.69,0.00,83.3,Active
982928,0.00,0.00,0.00,0.88,0.00,0.00,0.00,80.8,Active
982935,0.00,0.00,0.00,3.57,0.00,0.00,0.00,89.3,Active
982949,0.00,0.00,0.00,1.72,0.00,1.77,0.00,77.8,Active
982951,0.00,0.33,0.00,2.74,0.91,0.33,0.00,85.7,Active
982956,0.00,0.00,0.00,0.96,0.00,0.00,0.00,85.3,Active
982958,0.00,0.00,0.00,4.46,0.00,0.00,0.00,86.7,Active
982960,0.00,0.00,3.21,1.92,0.64,1.48,0.00,84.7,Active
982963,0.00,0.00,0.77,0.00,0.00,0.00,0.00,91.7,Active
982978,0.00,0.00,0.00,0.82,0.00,0.00,0.00,81.5,Active
982980,0.00,0.00,0.00,2.21,0.74,0.00,0.00,68.0,Active
982981,0.00,0.00,4.08,2.04,1.02,0.00,0.00,75.0,Active
982986,0.00,0.55,1.97,1.97,4.93,1.09,0.49,63.2,Active
983015,0.00,0.00,0.00,0.00,0.58,0.00,0.00,74.3,Active
983027,0.00,0.95,0.00,4.92,0.00,0.00,0.00,76.4,Active
983031,0.00,0.00,0.00,3.70,0.00,1.37,0.00,91.4,Active
983034,0.00,0.78,0.00,4.03,1.34,1.55,0.00,89.2,Active
983052,0.00,0.00,0.00,1.42,0.00,2.56,0.00,84.0,Active
983054,0.00,0.00,0.61,1.22,0.00,0.66,0.00,78.7,Active
983060,0.00,0.00,0.00,2.35,0.00,3.13,0.00,92.1,Active
983063,0.00,0.00,0.00,1.78,0.59,0.00,0.00,85.4,Active
983064,0.00,0.00,0.36,1.81,0.72,0.78,0.00,81.4,Active
983071,0.00,0.00,0.00,1.59,1.59,0.56,0.00,84.3,Active
983079,0.00,0.00,0.00,1.45,2.90,0.00,0.00,65.9,Active
983085,0.00,0.00,0.00,0.89,0.00,3.63,0.89,89.8,Active
983088,0.00,0.00,0.00,0.87,0.44,0.92,0.00,95.9,Active
983090,0.00,0.00,2.54,2.03,0.00,1.69,2.54,75.0,Active
983093,0.00,0.00,0.00,2.59,0.00,0.97,0.86,85.7,Active
983095,0.00,0.00,0.00,0.49,0.49,1.10,0.49,92.0,Active
983097,0.00,0.00,0.00,0.94,1.89,0.00,0.94,84.6,Active
983101,0.00,0.00,4.42,1.77,0.00,0.00,0.00,84.2,Active
983104,0.00,0.00,1.39,1.39,1.39,0.00,0.00,97.1,Active
983109,0.00,0.63,0.00,3.53,1.18,0.00,0.00,93.1,Active
983117,0.00,0.00,0.00,1.79,0.00,1.98,0.00,78.8,Active
983119,0.00,0.00,1.50,0.75,2.26,0.00,0.00,69.2,Active
983123,0.00,0.00,3.75,1.25,0.00,0.00,0.00,90.9,Active
983124,0.00,0.00,0.49,0.49,0.00,0.53,0.00,91.9,Active
983130,0.00,0.00,1.03,2.56,2.56,0.00,0.51,74.7,Active
983148,0.00,0.95,0.44,1.32,0.88,0.00,0.00,92.4,Active
983158,0.00,0.00,0.00,0.76,0.00,0.00,0.00,92.5,Active
983164,0.00,0.00,1.82,2.73,0.91,2.15,0.00,78.9,Active
983170,0.00,0.00,0.00,3.91,0.00,1.75,0.78,56.5,Active
983173,0.00,0.00,0.00,0.83,0.00,0.00,1.67,75.4,Active
983177,0.00,0.00,0.00,2.07,0.00,0.00,0.00,88.0,Active
983193,0.00,0.00,0.00,3.70,0.00,0.00,0.00,91.4,Active
983215,0.00,0.00,0.74,2.21,0.00,1.69,0.00,82.0,Active
983220,0.00,0.00,0.00,1.52,0.51,0.71,1.02,86.0,Active
983239,0.00,0.00,0.00,0.74,0.00,0.00,0.00,86.9,Active
983240,0.00,0.00,1.65,1.10,0.55,0.00,0.00,87.7,Active
983266,0.00,0.00,0.00,2.04,0.68,0.73,0.00,92.9,Active
983274,0.00,0.00,0.00,1.75,0.00,0.00,0.00,93.1,Active
983299,0.00,0.00,0.58,2.92,0.58,1.30,0.00,84.6,Active
983303,0.00,1.32,0.00,1.12,0.00,1.32,2.25,78.1,Active
983307,0.00,0.00,0.00,1.23,0.00,0.00,0.00,82.2,Active
983321,0.00,0.00,2.68,0.89,0.00,0.00,0.00,77.1,Active
983324,0.00,0.00,0.61,3.07,6.13,2.14,0.61,77.4,Active
983340,0.00,0.00,0.00,2.50,0.00,0.00,0.00,84.8,Active
983352,0.00,0.00,0.00,0.81,0.00,0.87,0.00,79.5,Active
983365,0.00,0.00,0.00,0.00,1.00,1.08,0.00,70.7,Active
983377,0.00,0.51,0.00,0.00,1.82,0.00,0.00,86.1,Active
983382,0.00,0.00,0.00,0.00,1.54,0.00,0.00,63.2,Active
983383,0.00,0.00,0.00,0.00,0.00,0.00,0.00,94.1,Active
983395,0.00,0.00,1.60,0.53,0.00,1.69,0.00,52.1,Active
983396,0.00,0.00,0.00,1.57,1.05,0.00,0.52,65.0,Active
983397,0.00,0.00,0.00,1.43,0.00,1.72,0.00,100.0,Active
983399,0.00,0.00,0.00,1.14,0.00,2.50,0.00,96.2,Active
983402,0.00,0.00,0.00,0.00,0.00,0.00,0.00,65.9,Active
983403,0.00,1.20,0.00,1.82,0.00,0.00,0.91,90.9,Active
983404,0.00,0.00,0.00,0.00,0.41,0.43,0.41,76.6,Active
983413,0.00,0.00,0.00,1.08,0.00,0.00,0.00,82.5,Active
983414,0.00,0.00,0.00,0.52,0.52,0.00,0.00,82.6,Active
983416,0.00,0.00,0.00,0.93,0.00,0.51,0.93,93.8,Active
983439,0.00,0.00,0.36,0.73,0.00,0.00,0.00,92.4,Active
983440,0.00,0.00,0.00,0.00,0.00,0.00,0.00,92.3,Active
983443,0.00,0.00,0.00,0.86,0.00,1.87,0.00,88.4,Active
983449,0.00,0.00,0.00,0.85,0.00,2.86,0.00,75.0,Active
983459,0.00,0.85,0.00,1.54,3.85,0.00,0.00,44.8,Active
983466,0.00,0.66,1.21,0.61,2.42,1.32,0.00,81.0,Active
983467,0.00,0.78,0.00,2.14,1.43,0.00,0.00,80.3,Active
983476,0.00,0.00,0.52,1.57,0.00,0.00,0.52,71.4,Active
983484,0.00,0.00,0.00,0.00,0.00,0.00,0.00,87.0,Active
983486,0.00,2.60,0.00,3.70,1.23,1.30,1.23,74.3,Active
983487,0.00,0.00,0.00,2.91,0.97,0.00,0.00,93.9,Active
983489,0.00,0.00,0.00,0.00,1.01,0.00,0.00,75.0,Active
983504,0.00,0.00,0.00,0.88,0.00,0.00,0.00,97.1,Active
983508,0.00,0.00,0.00,0.00,0.00,0.00,0.00,79.2,Active
983516,0.00,0.00,0.00,0.00,1.74,0.00,0.00,96.4,Active
983522,0.00,1.18,0.00,0.00,1.08,0.00,0.00,100.0,Active
983526,0.00,0.00,0.00,1.75,0.00,0.00,0.00,79.7,Active
983536,0.00,0.00,0.00,0.00,2.01,0.71,0.00,66.7,Active
983538,0.00,3.11,0.00,1.71,1.71,0.62,0.57,75.0,Active
983551,0.00,0.00,0.00,0.00,0.00,0.00,0.00,49.0,Active
983557,0.00,0.00,0.00,1.04,0.00,1.11,0.00,77.8,Active
983564,0.00,0.00,0.00,1.60,0.00,0.00,0.80,91.1,Active
983576,0.00,0.75,0.00,2.05,0.00,0.00,0.00,89.1,Active
983579,0.00,1.11,0.00,0.99,0.00,0.00,0.00,71.9,Active
983582,0.00,0.00,0.00,0.00,0.00,0.00,0.00,81.8,Active
983584,0.00,0.00,0.00,0.00,0.00,0.00,0.00,77.8,Active
983588,0.00,0.00,0.00,1.45,1.45,0.00,0.00,77.4,Active
983593,0.00,0.00,0.00,1.19,0.00,0.00,0.00,59.4,Active
983599,0.00,0.00,0.70,0.70,0.00,0.00,0.00,96.5,Active
983616,0.00,0.00,0.00,0.00,2.56,0.00,0.85,63.8,Active
983627,0.00,0.00,0.00,1.06,0.00,2.33,0.00,71.4,Active
983643,0.00,0.00,0.00,2.26,0.00,0.00,0.00,73.3,Active
983646,0.00,0.00,0.00,1.65,0.00,1.94,1.65,76.6,Active
983660,0.00,0.00,0.00,1.56,1.56,0.00,0.00,86.4,Active
983663,0.00,0.00,0.00,0.00,1.16,0.00,0.00,57.4,Active
983677,0.00,0.00,1.43,1.43,0.00,1.54,0.00,80.0,Active
983682,0.00,0.00,0.00,0.89,0.00,0.00,0.00,66.7,Active
983692,0.00,0.00,0.66,1.97,0.00,0.79,0.66,88.9,Active
983707,0.00,0.00,0.00,1.46,1.46,0.00,0.00,81.6,Active
983719,0.00,0.00,0.79,0.79,0.79,0.00,0.00,76.8,Active
983728,0.00,0.00,0.00,0.75,0.00,0.00,0.00,76.8,Active
983729,0.00,0.00,0.00,0.00,0.00,0.00,0.00,71.4,Active
983733,0.00,0.00,0.00,0.00,2.53,0.00,0.00,85.7,Active
983739,0.00,0.00,0.00,0.00,0.00,1.10,0.00,74.0,Active
983741,0.00,0.00,0.00,1.55,0.00,0.00,0.52,87.2,Active
983744,0.00,0.00,0.00,3.88,0.00,1.63,0.00,86.5,Active
983745,0.00,0.00,0.00,0.00,0.00,0.00,0.00,77.1,Active
983750,0.00,0.70,0.00,3.11,0.00,0.70,0.00,92.0,Active
983754,0.00,0.00,0.00,0.00,0.00,0.00,0.00,65.0,Active
983764,0.00,0.00,0.80,0.80,0.00,0.85,0.00,79.5,Active
983766,0.00,0.00,0.00,0.64,0.64,0.00,0.00,90.2,Active
983767,0.00,0.00,0.00,1.07,0.53,2.45,1.07,78.1,Active
983768,0.00,0.74,0.00,1.38,0.69,0.00,0.00,78.2,Active
983769,0.00,1.30,0.00,0.00,0.00,1.30,0.00,91.7,Active
983773,0.00,0.00,0.00,0.70,0.70,0.00,0.00,82.5,Active
983776,0.00,0.00,0.00,0.88,0.88,0.00,0.00,84.0,Active
983778,0.00,0.00,0.00,0.56,0.56,0.60,0.00,83.3,Active
983779,0.00,0.00,0.00,2.87,0.57,0.00,0.00,74.5,Active
983786,0.91,0.00,0.00,0.74,2.22,1.82,0.00,76.9,Active
983796,0.70,0.70,0.60,2.41,0.60,0.00,0.00,69.7,Active
983803,0.83,0.00,0.00,0.00,0.00,0.00,0.00,94.7,Active
983811,0.00,0.00,0.00,0.89,0.00,0.00,0.00,91.9,Active
983813,0.00,0.00,0.00,1.52,0.00,0.00,0.00,76.0,Active
983814,0.00,0.00,0.00,0.00,1.08,0.00,0.00,82.9,Active
983821,0.00,0.00,0.00,1.49,0.00,0.00,1.49,81.0,Active
983829,0.00,0.00,0.00,0.00,0.00,0.75,0.00,76.1,Active
983841,0.00,0.00,0.00,4.76,0.00,1.25,1.19,89.4,Active
983848,0.00,0.00,0.00,1.91,0.00,0.00,0.00,85.7,Active
983859,0.00,0.38,0.00,1.06,0.00,2.29,1.76,95.2,Active
983861,0.00,0.00,0.57,1.70,1.14,1.20,0.57,89.9,Active
983864,0.00,0.00,0.00,0.72,0.72,0.00,0.00,75.9,Active
983865,0.00,0.00,0.00,0.68,3.38,0.76,0.68,78.3,Active
983867,0.00,0.00,0.00,0.00,0.00,0.00,0.00,77.8,Active
983868,0.00,0.00,0.00,1.16,0.00,1.25,0.00,81.8,Active
983876,0.00,0.00,0.00,0.84,0.00,0.00,0.00,82.8,Active
983883,0.00,0.00,0.00,3.54,0.00,0.00,0.00,76.4,Active
983885,0.00,0.69,0.00,1.68,0.00,0.00,0.00,65.5,Active
983889,0.00,0.00,0.00,0.00,0.65,0.00,0.00,70.7,Active
983891,0.00,0.00,0.00,0.00,0.68,0.71,0.00,96.7,Active
983892,0.00,0.00,0.00,1.57,0.79,0.00,0.00,95.9,Active
983908,0.00,0.00,0.00,3.13,0.00,0.00,0.00,81.8,Active
983910,0.00,0.00,0.00,0.88,1.77,0.99,0.00,62.8,Active
983917,0.00,0.00,0.00,2.17,1.09,0.00,0.00,64.7,Active
983921,0.00,0.00,0.00,2.34,0.78,0.00,0.00,92.6,Active
983930,0.00,0.00,0.00,0.00,0.00,0.00,0.00,90.9,Active
983932,0.00,0.00,0.00,1.40,0.00,0.00,0.00,65.2,Active
983940,0.00,0.00,0.00,0.82,0.00,0.94,0.00,100.0,Active
983948,0.00,0.00,0.00,0.00,1.74,1.89,0.00,93.8,Active
983957,0.00,1.05,0.00,2.48,0.00,0.00,0.00,85.7,Active
983959,0.00,0.00,0.00,0.96,0.00,2.04,0.00,86.8,Active
983961,0.00,0.00,0.00,1.47,1.47,0.88,0.00,81.4,Active
983962,0.00,0.00,0.00,0.00,0.00,0.00,0.00,93.3,Active
983969,0.00,0.00,0.00,0.00,0.00,0.00,0.00,68.0,Active
983973,0.00,0.00,0.00,2.08,1.39,0.00,0.00,89.7,Active
983976,0.00,0.81,0.00,0.75,0.00,0.00,0.00,76.0,Active
983978,0.00,0.00,0.00,0.00,0.00,0.00,0.00,71.4,Active
983984,0.00,0.00,0.00,0.81,0.81,0.00,0.00,70.0,Active
983999,0.00,0.00,0.00,0.75,0.75,0.00,0.00,87.9,Active
984003,0.00,0.00,0.00,1.92,0.00,0.00,0.96,84.6,Active
984012,0.00,0.00,0.00,0.00,0.00,0.00,0.00,82.9,Active
984014,0.00,0.00,0.00,0.88,0.00,0.00,0.00,79.5,Active
984022,0.00,0.00,0.00,0.81,0.00,0.00,0.00,69.7,Active
984026,0.00,0.00,0.00,1.38,0.00,0.00,0.00,87.0,Active
984027,0.00,0.00,0.00,4.13,0.00,0.00,0.00,60.0,Active
984028,0.00,0.00,0.00,1.25,0.00,1.39,0.00,88.9,Active
984034,0.00,0.00,0.00,0.75,1.50,0.85,0.75,85.4,Active
984045,0.00,0.00,0.00,1.53,0.00,0.84,0.76,83.7,Active
984047,1.09,0.00,0.00,1.90,1.90,1.09,0.95,85.2,Active
984049,0.00,0.00,0.00,0.00,0.00,1.72,0.00,95.7,Active
984056,0.00,0.00,0.00,2.63,1.32,1.64,0.00,66.7,Active
984061,0.00,0.00,0.00,1.80,0.45,0.00,0.00,87.0,Active
984064,0.00,0.00,0.00,0.99,0.00,0.00,0.00,54.1,Active
984070,0.00,0.00,0.00,0.00,0.00,0.00,0.00,77.8,Active
984071,0.00,0.00,0.00,2.58,5.15,0.00,0.00,58.8,Active
984075,0.00,0.00,0.00,0.80,0.00,0.00,0.80,88.5,Active
984077,0.00,0.00,0.00,0.85,1.69,2.83,0.00,97.4,Active
984078,0.00,0.00,0.00,0.83,0.00,0.92,0.00,89.7,Active
984079,0.00,0.00,0.00,0.00,0.00,1.19,0.00,75.0,Active
984081,0.00,0.00,0.00,2.92,1.46,0.00,0.00,80.8,Active
984097,0.00,0.00,0.00,0.00,0.00,0.00,0.00,91.8,Active
984098,0.00,0.00,0.00,0.63,0.00,1.38,0.00,67.4,Active
984127,0.00,0.00,0.00,0.00,0.00,0.00,0.00,54.8,Active
984134,0.00,0.00,0.00,0.00,0.94,0.00,0.00,85.0,Active
984139,0.00,0.00,0.00,0.00,0.00,0.00,0.00,76.5,Active
984154,0.00,0.00,0.00,1.98,0.99,1.14,0.00,76.7,Active
984155,0.00,0.00,0.00,0.00,1.23,0.00,1.23,77.8,Active
984158,0.00,0.00,0.00,3.74,0.00,1.16,0.00,96.9,Active
984161,0.00,0.00,0.00,0.00,0.00,0.00,0.00,58.8,Active
984162,0.00,0.00,0.00,4.12,0.00,0.00,0.00,55.6,Active
984166,0.00,0.00,0.00,1.20,0.00,0.00,0.00,87.8,Active
984171,0.00,0.00,0.00,2.86,0.00,0.00,0.00,66.7,Active
984180,0.00,0.00,0.00,0.84,1.68,0.00,0.00,87.8,Active
984202,0.00,0.00,0.00,0.00,0.00,0.00,0.00,88.9,Active
984204,0.00,0.71,0.00,0.00,0.00,0.71,0.00,72.6,Active
984207,0.00,0.00,0.00,0.00,0.00,0.00,0.00,81.5,Active
984213,0.00,0.00,0.00,0.00,0.00,0.00,0.00,81.0,Active
984218,0.00,0.00,0.00,2.38,0.00,0.00,2.38,95.2,Active
984242,0.00,0.00,0.00,1.00,0.00,0.00,1.00,80.0,Active
984243,0.00,0.00,0.00,0.95,0.95,0.00,0.00,64.5,Active
984246,0.00,0.00,0.00,0.74,0.00,0.76,0.00,91.1,Active
984247,0.00,0.00,0.00,1.28,0.00,1.32,0.00,50.0,Active
984248,0.00,0.00,0.00,0.00,0.00,0.00,0.00,87.8,Active
984254,0.00,0.00,0.00,0.00,2.27,1.19,0.00,95.8,Active
984260,0.00,0.00,0.00,0.96,0.00,2.11,0.00,71.4,Active
984262,0.00,0.00,0.00,2.30,1.84,0.99,0.00,61.9,Active
984277,0.00,0.36,0.00,0.71,0.00,0.36,0.00,89.3,Active
984297,0.00,0.92,0.00,0.85,1.71,0.00,0.00,81.6,Active
984302,0.00,0.00,0.00,1.64,0.00,0.00,0.00,86.7,Active
984309,0.00,1.09,0.00,2.59,4.31,0.00,0.00,77.8,Active
984318,0.00,0.00,0.00,2.04,0.00,4.76,0.00,85.7,Active
984320,0.00,0.00,0.00,3.09,0.00,0.00,0.00,51.9,Active
984323,0.00,0.00,0.00,2.86,0.71,0.00,0.00,95.7,Active
984328,0.00,0.00,0.00,0.00,0.00,0.00,0.00,93.3,Active
984330,0.00,0.00,0.00,0.59,1.18,0.00,0.00,84.1,Active
984331,0.00,0.00,0.00,0.88,0.00,0.00,0.00,80.4,Active
984335,0.00,0.00,0.00,0.00,1.19,0.00,0.00,85.7,Active
984339,0.00,0.00,0.00,1.73,0.00,0.65,0.00,65.3,Active
984340,0.00,0.00,0.00,0.92,0.00,0.00,0.00,73.5,Active
984346,0.00,0.00,0.00,0.00,0.00,2.27,0.00,82.6,Active
984350,0.00,0.00,0.00,1.16,2.33,0.00,0.00,68.2,Active
984355,0.00,0.00,0.00,0.00,0.00,0.96,0.00,81.1,Active
984356,0.00,0.00,0.00,2.68,0.00,0.00,0.00,78.0,Active
984357,0.00,0.00,0.00,2.78,1.85,1.09,0.93,75.0,Active
984362,0.00,0.00,0.00,0.00,0.00,0.77,0.00,96.0,Active
984369,0.00,0.00,0.00,0.00,0.00,1.61,0.00,40.0,Active
984370,0.00,0.00,0.00,0.85,5.13,1.87,0.00,66.7,Active
984397,0.00,0.00,0.00,1.16,0.00,0.00,0.00,79.6,Active
984402,0.00,0.00,0.00,2.17,0.00,0.00,0.00,65.1,Active
984404,0.00,0.00,0.00,2.56,0.00,0.00,0.00,83.9,Active
984413,0.00,0.00,0.00,0.00,0.00,0.00,0.00,77.1,Active
984414,0.00,0.00,0.00,0.00,0.00,0.00,0.00,93.1,Active
984425,0.00,0.00,0.00,0.00,1.69,0.00,0.00,75.0,Active
984429,0.00,0.00,0.00,0.00,0.00,1.03,0.00,78.0,Active
984430,0.00,0.00,0.00,0.81,0.81,0.89,1.61,81.0,Active
984432,0.00,0.00,0.00,0.00,0.00,0.00,0.00,95.0,Active
984439,0.00,0.00,0.00,0.00,1.05,1.11,0.00,86.1,Active
984442,0.00,0.00,0.00,0.60,0.00,0.00,0.00,92.3,Active
984444,0.00,0.00,0.00,0.00,0.00,0.00,0.00,95.0,Active
984448,0.00,0.00,0.00,1.15,0.00,0.00,0.00,84.4,Active
984452,0.00,0.00,0.00,0.00,1.16,0.00,0.00,81.3,Active
984456,0.00,0.00,0.00,1.60,0.80,0.90,0.80,63.6,Active
984466,0.00,0.43,0.00,0.85,0.85,0.43,0.00,86.1,Active
984495,0.00,0.70,0.00,0.00,0.00,0.00,0.00,78.8,Active
984502,0.00,1.14,0.00,0.00,0.00,1.14,0.00,85.7,Active
984505,0.00,0.00,0.00,1.82,0.00,0.00,0.00,83.3,Active
984506,0.00,0.00,0.00,0.00,3.39,0.00,0.00,68.4,Active
984519,0.00,0.00,0.00,1.19,0.00,1.30,0.00,74.1,Active
984521,0.00,0.00,0.00,3.45,0.00,1.79,0.00,95.8,Active
984530,0.00,0.00,0.00,1.28,2.56,1.54,3.85,78.4,Active
984536,0.00,0.00,0.00,0.00,0.00,0.00,0.00,48.4,Active
984538,0.00,1.28,0.00,1.12,0.00,1.28,0.00,90.6,Active
984539,0.00,0.00,0.00,0.93,0.93,0.00,2.80,82.6,Active
984542,0.00,0.00,0.00,6.25,0.00,0.00,0.00,68.4,Active
984551,0.00,0.00,0.00,0.81,0.00,0.00,0.00,89.5,Active
984558,0.00,0.93,0.00,0.88,0.00,0.93,0.00,87.2,Active
984560,0.00,0.00,0.00,0.92,0.00,0.95,0.00,76.8,Active
984562,0.00,0.00,0.00,2.61,0.00,0.00,0.87,76.1,Active
984568,0.00,0.00,0.00,0.00,1.30,0.00,0.00,78.1,Active
984574,0.00,0.00,0.00,0.56,2.23,0.00,0.00,76.1,Active
984576,0.00,1.04,0.00,0.00,1.96,0.00,0.00,69.7,Active
984577,0.00,0.00,0.00,1.43,0.00,0.00,0.00,97.3,Active
984579,0.00,0.00,0.00,0.78,1.55,0.00,0.00,89.7,Active
984596,0.00,0.00,0.00,0.00,0.00,0.72,0.00,96.6,Active
984602,0.00,0.00,0.00,0.00,3.13,1.15,0.00,81.8,Active
984608,0.00,0.00,0.00,0.66,0.00,0.00,0.00,91.7,Active
984612,0.00,0.77,0.00,2.78,0.00,0.00,1.39,78.9,Active
984618,0.00,0.00,0.00,1.04,1.04,0.00,0.00,81.0,Active
984619,0.00,0.00,0.00,0.00,0.84,0.00,0.00,93.9,Active
984624,0.00,0.00,0.00,0.00,0.00,1.19,0.00,73.2,Active
984632,0.00,1.28,0.00,2.41,0.00,0.00,0.00,85.7,Active
984647,0.00,0.00,0.00,0.96,0.00,1.00,0.00,97.7,Active
984650,0.00,0.00,0.00,0.70,1.40,0.00,0.00,87.0,Active
984653,0.00,0.00,0.00,0.00,4.35,0.79,0.00,58.1,Active
984668,0.00,1.11,0.00,0.00,5.26,0.00,0.00,64.0,Active
984671,0.00,0.00,0.00,0.00,0.00,0.00,0.00,90.5,Active
984679,0.00,0.00,0.00,1.57,0.00,0.00,0.79,91.2,Active
984682,0.00,0.00,0.00,3.13,1.56,0.00,0.00,94.7,Active
984686,0.00,0.00,0.00,2.23,0.56,0.00,0.00,65.7,Active
984696,0.00,0.00,0.00,0.91,0.00,0.00,0.00,88.9,Active
984710,0.00,0.00,0.00,1.72,0.00,0.00,0.00,56.9,Active
984736,0.00,0.00,0.00,2.73,3.64,4.17,0.00,92.1,Active
984740,0.00,0.00,0.00,0.74,1.47,1.63,0.74,48.4,Active
984746,0.00,0.00,0.00,0.78,0.00,0.00,0.00,93.9,Active
984749,0.00,0.00,0.00,0.00,1.43,0.00,0.00,64.7,Active
984754,0.00,0.54,0.00,2.16,3.46,1.61,0.87,88.9,Active
984770,0.00,0.00,0.00,0.00,0.00,0.00,0.00,96.3,Active
984781,0.00,0.00,0.00,4.76,1.59,0.00,0.00,74.1,Active
984787,0.00,0.00,0.00,3.66,1.22,0.00,0.00,93.1,Active
984789,0.00,0.00,0.00,0.00,3.41,0.00,1.14,66.7,Active
984806,0.00,0.00,0.00,0.00,0.00,0.00,0.00,84.6,Active
984807,0.00,0.00,0.00,1.19,0.00,4.11,0.00,87.5,Active
984808,0.00,0.00,0.00,2.56,0.00,0.00,0.00,96.0,Active
984809,0.00,0.00,0.00,0.98,0.00,0.00,0.00,75.8,Active
984811,0.00,0.00,0.00,0.00,1.15,0.00,0.00,87.1,Active
984817,0.00,0.83,0.00,0.00,0.00,0.00,0.00,86.8,Active
984843,0.00,0.00,0.00,1.79,0.00,1.89,0.00,56.5,Active
984847,0.00,0.00,0.00,0.00,0.00,0.00,0.00,84.8,Active
984852,0.00,0.00,0.00,0.00,0.00,0.00,0.00,63.4,Active
984854,0.00,0.00,0.00,0.00,0.00,0.00,0.00,40.0,Active
984867,0.00,2.44,0.00,2.13,2.13,0.00,0.00,85.0,Active
984874,0.00,0.00,0.00,0.78,0.00,0.00,0.00,76.9,Active
984877,0.00,0.87,0.00,0.84,0.00,0.00,0.00,36.8,Active
984905,0.00,0.00,0.00,0.00,1.92,0.00,0.00,73.0,Active
984910,0.00,0.47,0.00,0.44,0.00,0.47,0.00,93.5,Active
984916,0.00,0.00,0.00,0.00,0.00,0.00,0.00,97.3,Active
984920,0.00,0.67,0.00,1.26,0.00,0.00,0.63,72.7,Active
984925,0.00,0.00,0.00,0.00,0.00,0.00,0.00,56.7,Active
984926,0.00,0.00,0.00,0.00,0.00,0.00,0.00,89.3,Active
984928,0.00,0.00,0.00,0.00,0.00,0.00,0.00,71.4,Active
984931,0.00,0.00,0.00,0.00,0.00,1.39,0.00,76.0,Active
984932,0.00,0.00,0.00,0.00,0.00,0.00,1.94,81.5,Active
984945,0.00,1.23,0.00,2.00,0.00,0.00,0.00,90.0,Active
984948,0.00,1.28,0.00,0.00,0.00,0.00,0.00,84.6,Active
984949,0.00,0.00,0.00,0.00,0.00,0.00,0.93,81.8,Active
984953,0.00,0.00,0.00,0.00,0.00,0.00,0.00,80.0,Active
984957,0.00,0.00,0.00,0.00,0.00,0.00,0.00,87.9,Active
984967,0.00,0.00,0.00,0.98,0.00,0.00,0.00,73.3,Active
984979,0.00,0.00,0.00,0.00,0.00,0.00,0.00,74.1,Active
984980,0.00,0.00,0.00,0.00,1.52,0.00,1.52,82.4,Active
984983,0.00,0.00,0.00,5.26,0.00,0.00,0.00,75.0,Active
984997,0.00,0.00,0.00,0.00,0.00,1.56,0.00,89.5,Active
985011,0.00,0.00,0.00,0.74,0.00,0.00,0.00,72.2,Active
985012,0.00,1.03,0.00,1.02,0.00,0.00,0.00,81.8,Active
985017,0.00,0.00,0.00,1.59,4.76,0.00,0.00,100.0,Active
985018,0.00,0.00,0.00,0.83,0.00,0.00,0.00,58.8,Active
985036,0.00,0.00,0.00,1.52,1.52,0.00,0.00,97.1,Active
985043,0.00,0.79,0.00,2.17,0.72,0.00,0.00,72.3,Active
985044,0.00,0.00,0.00,1.44,0.00,0.00,2.16,85.7,Active
985047,0.00,0.00,0.00,0.00,0.00,1.38,0.00,74.3,Active
985053,0.00,0.00,0.00,0.63,0.63,0.00,0.63,78.6,Active
985064,0.00,0.00,0.00,1.85,0.00,1.89,0.00,62.2,Active
985086,0.00,0.00,0.00,0.00,0.00,0.00,0.00,85.2,Active
985098,0.00,0.00,0.00,1.85,1.85,0.00,0.00,46.7,Active
985102,0.00,0.00,0.00,0.00,0.00,0.00,0.00,91.9,Active
985110,0.00,0.00,0.00,1.72,1.72,0.00,0.00,70.6,Active
985116,0.00,0.00,0.00,0.00,0.78,0.00,0.00,82.4,Active
985161,0.00,0.00,0.00,0.00,0.00,0.00,0.00,NA,Active
985224,0.00,0.00,0.00,0.00,0.00,0.00,0.00,83.3,Active
985235,0.00,0.00,0.00,0.00,0.00,0.00,0.00,86.4,Active
985236,0.00,0.00,0.00,0.00,0.00,0.00,0.00,80.0,Active
985244,0.00,0.00,0.00,1.52,1.52,1.69,0.00,61.5,Active
985246,0.00,0.00,0.00,1.72,0.00,1.92,0.00,100.0,Active
985255,0.00,0.66,0.00,0.00,0.61,0.00,0.00,77.1,Active
985261,0.00,1.75,0.00,0.00,1.43,1.75,7.14,81.8,Active
985269,0.00,0.00,0.00,0.00,1.58,0.00,0.00,80.4,Active
985270,0.00,0.00,0.00,1.31,0.00,0.69,0.00,80.0,Active
985276,0.00,0.00,0.00,0.00,0.00,0.00,0.00,89.7,Active
985277,0.79,0.79,0.00,0.00,0.00,0.00,0.00,73.2,Active
985279,0.00,0.00,0.00,0.00,0.00,2.27,0.72,87.7,Active
985287,0.00,0.00,0.00,0.00,0.00,0.00,0.00,85.7,Active
985288,0.00,0.00,0.00,0.00,0.98,0.00,0.00,71.4,Active
985322,0.00,0.00,0.00,0.00,3.23,1.23,0.00,73.1,Active
985336,0.00,0.00,0.00,2.27,0.00,0.00,0.00,76.9,Active
985338,0.00,0.00,0.00,0.00,1.37,0.00,0.00,58.6,Active
985339,0.00,1.37,0.00,0.00,0.00,0.00,1.19,92.9,Active
985342,0.00,0.00,0.00,1.82,0.00,0.00,0.00,83.3,Active
985346,0.00,0.00,0.00,2.50,0.00,0.00,0.00,83.7,Active
985353,0.00,0.00,0.00,2.86,4.29,1.69,2.14,78.6,Active
985385,0.00,0.00,0.00,0.00,1.52,0.00,0.00,94.1,Active
985395,0.00,0.00,0.00,0.00,1.65,0.00,0.00,67.4,Active
985398,0.00,0.00,0.00,0.00,0.00,0.00,0.96,84.4,Active
985434,0.00,0.00,0.00,2.86,0.00,0.00,0.00,77.3,Active
985435,0.00,0.00,0.00,0.62,1.24,0.64,0.00,82.0,Active
985457,0.00,0.00,0.00,0.00,0.00,0.00,0.00,65.0,Active
985461,0.00,0.00,0.00,3.03,1.52,0.00,0.00,68.4,Active
985464,0.00,0.00,0.00,1.67,1.67,0.00,0.83,74.3,Active
985469,0.00,0.00,0.00,0.00,0.00,0.00,0.00,55.0,Active
985482,0.00,0.00,0.00,1.43,1.43,0.00,0.00,64.5,Active
985496,0.00,0.00,0.00,0.00,0.00,0.55,0.00,89.7,Active
985513,0.00,0.00,0.00,0.80,3.20,0.00,0.00,80.0,Active
985517,0.00,0.00,0.00,1.41,1.41,0.00,0.00,62.1,Active
985522,0.00,1.18,0.00,0.00,0.00,0.00,0.00,81.8,Active
985524,0.00,0.00,0.00,0.00,2.50,0.00,0.00,91.3,Active
985538,0.00,0.00,0.00,1.27,2.53,0.00,0.00,47.8,Active
985555,0.00,0.00,0.00,1.89,0.00,0.00,0.00,85.0,Active
985557,0.00,0.00,0.00,1.27,0.00,0.00,0.00,44.4,Active
985566,0.00,0.00,0.00,1.61,1.61,2.61,0.00,83.8,Active
985569,0.00,0.00,0.00,0.84,4.20,0.00,0.00,68.8,Active
985573,0.00,0.00,0.00,2.74,0.00,0.00,0.00,66.7,Active
985574,0.00,0.00,0.00,0.00,1.46,0.00,0.00,83.8,Active
985582,0.00,0.00,0.00,0.00,0.00,0.00,0.00,88.9,Active
985587,0.00,0.00,0.00,0.00,0.00,0.00,0.00,72.7,Active
985589,0.00,0.00,0.00,0.60,0.00,0.00,0.00,73.9,Active
985590,0.00,0.00,0.00,0.00,1.12,0.00,0.00,73.3,Active
985591,0.00,0.00,0.00,1.41,0.00,0.00,0.00,100.0,Active
985599,0.00,0.00,0.00,2.86,0.00,0.00,0.00,94.1,Active
985618,0.00,0.00,0.00,1.33,1.33,1.52,0.00,87.5,Active
985621,0.00,0.00,0.00,0.00,1.14,0.00,1.14,70.8,Active
985622,0.00,0.00,0.00,3.70,0.00,0.00,0.00,73.9,Active
985623,0.00,0.00,0.00,2.56,0.00,1.90,0.00,97.5,Active
985627,0.00,0.00,0.00,1.77,0.00,1.87,0.00,68.4,Active
985633,0.00,0.00,0.00,0.00,0.00,0.00,0.00,90.0,Active
985640,0.00,0.00,0.00,0.00,0.00,0.00,0.00,83.3,Active
985651,0.00,0.00,0.00,0.00,0.00,0.00,0.00,70.8,Active
985658,0.00,0.00,0.00,1.11,0.00,0.00,0.00,70.0,Active
985670,0.00,0.00,0.00,1.15,2.30,1.22,1.15,70.0,Active
985677,0.00,0.00,0.00,1.10,1.10,2.53,0.00,74.2,Active
985697,0.00,0.00,0.00,0.00,0.00,0.00,0.00,75.9,Active
985702,0.00,0.00,0.00,0.00,1.92,0.00,0.00,70.2,Active
985706,0.00,0.00,0.00,0.00,0.00,0.00,1.27,90.0,Active
985744,0.00,1.19,0.00,1.96,0.98,2.38,0.98,94.7,Active
985763,0.00,0.00,0.00,0.75,2.24,0.92,0.00,89.7,Active
985765,0.00,0.00,0.00,0.65,0.00,0.00,0.00,85.7,Active
985769,0.00,0.00,0.00,0.78,0.78,0.88,0.00,62.1,Active
985771,0.00,0.00,0.00,0.00,0.00,0.00,0.00,66.7,Active
985786,0.00,0.00,0.00,1.43,0.00,0.00,1.43,75.0,Active
985787,0.00,0.00,0.00,0.00,0.91,0.00,0.91,58.3,Active
985817,0.00,0.00,0.00,0.00,0.00,0.00,0.00,85.7,Active
985818,0.00,0.00,0.00,0.00,0.94,0.00,0.00,60.0,Active
985824,0.00,0.00,0.00,0.00,0.00,0.00,0.00,66.7,Active
985838,0.00,0.00,0.00,0.00,0.67,0.00,0.00,80.5,Active
985852,0.00,0.00,0.00,0.00,0.00,0.00,0.00,74.1,Active
985855,0.00,0.00,0.00,0.00,0.00,0.00,0.00,60.0,Active
985866,0.00,0.00,0.00,0.00,0.00,0.00,0.00,100.0,Active
985867,0.00,0.00,0.00,0.00,0.00,0.00,0.00,93.3,Active
985872,0.00,0.00,0.00,0.00,0.00,0.00,1.15,93.3,Active
985877,0.00,0.00,0.00,0.00,0.00,2.04,0.00,87.5,Active
985878,0.00,0.00,0.00,0.00,0.00,0.00,0.00,86.8,Active
985883,0.00,0.00,0.00,1.20,1.20,0.00,0.00,100.0,Active
985898,0.00,0.67,0.00,0.00,0.64,2.01,0.00,94.3,Active
985907,0.00,0.00,0.00,0.00,1.59,0.00,0.00,NA,Active
985927,0.00,0.00,0.00,0.00,0.00,0.00,0.00,60.9,Active
985929,0.00,0.00,0.00,0.00,0.00,2.06,1.90,83.9,Active
985930,0.00,0.00,0.00,0.00,0.00,0.00,0.00,80.0,Active
985933,0.00,0.00,0.00,1.59,0.00,0.00,0.00,90.9,Active
985949,0.00,0.00,0.00,0.00,0.00,0.00,0.00,93.8,Active
985950,0.00,0.00,0.00,0.00,0.00,0.00,0.00,81.8,Active
985963,0.00,0.00,0.00,0.00,0.00,0.00,0.00,NA,Active
985964,0.00,0.65,0.00,1.16,0.58,0.00,0.00,93.3,Active
985965,0.00,0.00,0.00,0.00,0.00,0.00,1.12,76.5,Active
985973,0.00,0.00,0.00,1.15,2.30,0.00,0.00,95.0,Active
985974,0.00,0.00,0.00,1.61,1.61,0.00,0.00,81.0,Active
985978,0.00,0.00,0.00,0.60,0.00,0.70,0.60,89.4,Active
985979,0.00,0.00,0.00,1.00,1.00,1.14,2.00,100.0,Active
985998,0.00,0.00,0.00,2.27,1.14,0.00,0.00,82.4,Active
986002,0.00,0.00,0.00,1.14,1.14,2.44,0.00,82.1,Active
986003,0.00,0.00,0.00,2.27,0.00,0.00,0.00,45.5,Active
986004,0.00,0.00,0.00,1.56,0.00,0.00,0.00,25.0,Active
986007,0.00,0.00,0.00,1.20,0.00,0.00,0.00,100.0,Active
986009,0.00,0.00,0.00,0.00,0.00,0.00,0.00,77.8,Active
986021,0.00,0.00,0.00,2.04,0.00,0.00,0.00,100.0,Active
986033,0.00,0.00,0.00,0.00,0.00,0.00,0.00,66.7,Active
986057,0.00,0.00,0.00,1.60,0.80,0.86,1.60,77.8,Active
986063,0.00,0.00,0.00,0.00,0.00,0.00,0.00,82.4,Active
986064,0.00,0.00,0.00,0.99,0.00,0.00,0.00,60.9,Active
986065,0.00,0.00,0.00,0.00,0.00,0.00,0.00,64.3,Active
986066,0.00,0.00,0.00,0.00,2.17,0.00,0.00,50.0,Active
986073,0.00,0.00,0.00,2.20,3.30,0.00,0.00,71.4,Active
986101,0.00,0.00,0.00,1.42,0.94,0.00,0.47,90.2,Active
986115,0.00,0.00,0.00,1.57,0.79,0.00,0.00,93.3,Active
986127,0.00,0.00,0.00,0.00,0.00,0.00,0.00,86.7,Active
986128,0.00,0.00,0.00,0.00,0.00,0.00,0.00,75.0,Active
986129,0.00,0.00,0.00,0.00,0.00,0.00,0.00,100.0,Active
986130,0.00,2.17,0.00,1.61,0.00,0.00,0.00,81.8,Active
986151,0.00,0.00,0.00,2.33,0.00,0.00,2.33,83.3,Active
986162,0.00,0.00,0.00,0.00,0.00,1.67,0.00,100.0,Active
986166,0.00,0.00,0.00,0.00,0.00,0.00,1.54,70.0,Active
986171,0.00,0.00,0.00,0.00,0.00,0.00,0.00,80.6,Active
986173,0.00,0.00,0.00,0.00,0.00,0.00,0.00,74.5,Active
986183,0.00,0.00,0.00,0.00,0.00,0.00,0.00,78.9,Active
986189,0.00,0.00,0.00,0.00,2.11,1.16,0.00,73.3,Active
986205,0.00,0.00,0.00,0.00,0.00,0.00,0.00,58.3,Active
986206,0.00,0.00,0.00,0.00,0.98,0.00,0.00,76.9,Active
986209,0.00,0.00,0.00,1.55,0.78,0.00,0.00,65.4,Active
986212,0.00,0.00,0.00,0.00,0.00,0.00,0.00,75.0,Active
986218,0.00,0.00,0.00,2.13,0.00,0.00,0.00,75.0,Active
986221,0.00,0.00,0.00,0.00,0.00,0.00,0.00,100.0,Active
986224,0.00,0.00,0.00,1.59,0.00,0.00,0.00,58.3,Active
986230,0.00,0.00,0.00,0.00,0.00,0.00,1.52,44.4,Active
986233,0.00,0.00,0.00,0.00,0.00,0.00,0.00,75.0,Active
986243,0.00,0.00,0.00,0.00,0.00,0.00,0.00,100.0,Active
986257,0.00,0.00,0.00,0.00,1.72,0.00,0.00,87.5,Active
986262,0.00,0.00,0.00,0.00,0.00,0.00,0.00,75.0,Active
986265,0.00,0.00,0.00,0.00,0.00,0.00,0.00,83.3,Active
986267,0.00,0.00,0.00,1.12,0.00,0.00,1.12,68.8,Active
986268,0.00,0.00,0.00,0.00,0.00,0.00,0.00,90.0,Active
986274,0.00,0.00,0.00,0.00,0.00,0.00,0.00,66.7,Active
986275,0.00,0.00,0.00,0.00,0.00,1.28,0.00,50.0,Active
986280,0.00,0.00,0.00,0.00,0.00,0.00,0.00,81.3,Active
986285,0.00,0.00,0.00,1.35,0.00,0.00,0.00,60.0,Active
986294,0.00,0.00,0.00,0.00,0.00,0.00,0.00,76.5,Active
986296,0.00,0.00,0.00,0.00,0.00,0.00,0.00,100.0,Active
986303,0.00,0.00,0.00,1.16,0.00,0.00,0.00,75.0,Active
986317,0.00,0.00,0.00,0.00,0.00,0.00,0.00,55.6,Active
986326,0.00,0.00,0.00,1.14,0.00,1.25,0.00,63.6,Active
986327,0.00,0.00,0.00,0.00,5.41,0.00,0.00,50.0,Active
986342,0.00,0.00,0.00,0.00,0.00,0.00,1.43,78.6,Active
986347,0.00,0.00,0.00,0.00,1.19,0.00,1.19,66.7,Active
986351,0.00,0.00,0.00,0.90,0.00,0.00,0.00,85.7,Active
986359,0.00,0.00,0.00,3.33,3.33,0.00,1.67,46.7,Active
986364,0.00,0.00,0.00,2.20,2.20,0.00,0.00,87.5,Active
986366,0.00,0.00,0.00,0.00,1.23,0.00,0.00,88.9,Active
986367,0.00,0.00,0.00,0.00,0.76,0.80,0.00,80.8,Active
986375,0.00,0.00,0.00,0.00,0.00,0.00,0.00,92.3,Active
986386,0.00,0.00,0.00,0.00,0.00,0.00,0.00,83.3,Active
986387,0.00,0.00,0.00,0.00,0.00,0.00,0.00,72.7,Active
986398,0.00,0.00,0.00,0.00,1.71,0.00,0.00,52.2,Active
986405,0.00,0.00,0.00,0.00,0.00,1.41,0.00,76.5,Active
986406,0.00,0.00,0.00,1.15,0.00,0.00,0.00,81.8,Active
986414,0.00,1.75,0.00,1.45,0.00,3.51,2.90,84.6,Active
986417,0.00,2.17,0.00,0.00,1.85,0.00,0.00,100.0,Active
986420,0.00,0.00,0.00,0.00,0.00,0.00,0.00,78.6,Active
986432,0.00,0.00,0.00,0.00,0.00,0.00,0.00,100.0,Active
986435,0.00,0.00,0.00,0.00,3.23,0.00,0.00,100.0,Active
986447,0.00,0.00,0.00,0.00,0.00,0.00,0.00,63.2,Active
986452,0.00,0.00,0.00,0.00,0.00,0.00,0.00,100.0,Active
986477,0.00,0.00,0.00,0.00,0.00,0.00,0.00,60.0,Active
986483,0.00,0.00,0.00,3.08,0.00,0.00,0.00,85.7,Active
986488,0.00,0.00,0.00,0.00,0.00,0.00,0.00,40.0,Active
986490,0.00,0.00,0.00,0.00,3.08,0.00,0.00,66.7,Active
986505,0.00,0.00,0.00,0.76,0.00,2.50,0.00,100.0,Active
986512,0.00,0.00,0.00,1.75,0.00,0.00,0.00,93.3,Active
986513,0.00,0.00,0.00,1.16,0.00,0.00,0.00,85.0,Active
986514,0.00,0.00,0.00,2.56,0.00,0.00,0.00,81.8,Active
986516,0.00,0.00,0.00,0.00,0.00,0.00,0.00,76.9,Active
986517,0.00,0.00,0.00,0.82,0.00,0.00,0.00,100.0,Active
986521,0.00,0.00,0.00,0.00,0.00,0.00,0.00,90.9,Active
986530,0.00,0.00,0.00,1.09,0.00,0.00,1.09,76.9,Active
986534,0.00,0.00,0.00,0.00,0.00,0.00,0.00,83.3,Active
986537,0.00,0.95,0.00,0.00,0.91,0.95,0.00,73.9,Active
986540,0.00,0.00,0.00,0.00,0.00,0.00,0.00,83.3,Active
986541,0.00,0.00,0.00,0.00,0.00,0.00,0.00,60.0,Active
986545,0.00,0.00,0.00,0.00,0.00,0.00,0.00,86.7,Active
986552,0.00,0.00,0.00,0.00,0.00,0.00,0.00,84.2,Active
986562,0.00,0.00,0.00,0.00,0.00,1.64,0.00,88.9,Active
986570,0.00,0.00,0.00,4.44,2.22,0.00,0.00,100.0,Active
986578,0.00,0.00,0.00,0.00,0.00,0.00,0.00,75.0,Active
986579,0.00,0.00,0.00,0.00,2.15,0.00,1.08,71.4,Active
986586,0.00,0.00,0.00,1.10,0.00,0.00,0.00,66.7,Active
986596,0.00,0.00,0.00,0.00,0.00,0.00,0.00,100.0,Active
986617,0.00,0.00,0.00,0.00,1.52,0.00,0.00,25.0,Active
986628,0.00,0.00,0.00,0.00,0.00,0.83,0.00,68.8,Active
986643,0.00,0.00,0.00,2.17,0.00,0.00,0.00,80.0,Active
986654,0.00,0.00,0.00,0.00,0.00,0.00,0.00,100.0,Active
986661,0.00,0.00,0.00,1.28,0.00,0.00,0.00,86.7,Active
986665,0.00,0.00,0.00,0.00,0.00,0.00,0.00,87.5,Active
986674,0.00,0.00,0.00,0.00,0.00,0.00,0.00,50.0,Active
986675,0.00,0.00,0.00,0.00,4.41,0.00,0.00,100.0,Active
986680,0.00,5.56,0.00,0.00,0.00,0.00,0.00,80.0,Active
986703,0.00,0.00,0.00,0.00,5.15,1.16,0.00,84.6,Active
986729,0.00,0.00,0.00,0.00,0.00,2.70,0.00,92.3,Active
986730,0.00,0.00,0.00,0.00,1.18,1.33,0.00,83.3,Active
986731,0.00,0.00,0.00,0.00,0.00,0.00,1.52,100.0,Active
986736,0.00,0.00,0.00,0.00,0.00,0.00,0.00,100.0,Active
986740,0.00,0.00,0.00,1.41,0.00,0.00,0.00,100.0,Active
986752,0.00,0.00,0.00,3.03,4.04,0.00,0.00,85.7,Active
986761,0.00,0.00,0.00,0.00,0.78,0.88,1.55,77.8,Active
986770,0.00,0.00,0.00,0.00,0.00,0.00,0.00,71.4,Active
986779,0.00,1.02,0.00,0.00,2.70,0.00,0.00,42.9,Active
986790,0.00,0.00,0.00,0.00,0.00,0.00,0.00,75.0,Active
986814,0.00,0.00,0.00,0.00,0.00,0.00,0.00,28.6,Active
986836,0.00,0.00,0.00,1.61,0.00,1.75,0.00,61.5,Active
986843,0.00,0.00,0.00,0.00,0.00,0.00,0.00,80.0,Active
986848,0.00,0.00,0.00,0.00,2.94,0.00,0.00,71.4,Active
986876,0.00,0.00,0.00,0.00,1.72,0.00,0.00,77.8,Active
986880,0.00,0.00,0.00,0.00,0.00,0.00,2.08,71.4,Active
986885,0.00,0.00,0.00,0.00,0.00,0.00,0.00,100.0,Active
986891,0.00,0.00,0.00,0.00,0.00,0.00,0.00,66.7,Active
986892,0.00,0.00,0.00,0.00,0.00,0.00,0.00,60.0,Active
986904,0.00,0.00,0.00,0.00,1.20,0.00,0.00,63.6,Active
986920,0.00,0.00,0.00,0.00,0.00,0.00,0.00,100.0,Active
986921,0.00,0.00,0.00,1.12,0.00,0.00,0.00,72.7,Active
986942,0.00,0.00,0.00,2.44,0.00,0.00,0.00,80.0,Active
986960,0.00,0.00,0.00,0.00,1.33,0.00,0.00,25.0,Active
986961,0.00,0.00,0.00,0.00,0.00,0.00,0.00,77.8,Active
986965,0.00,0.00,0.00,0.00,0.00,0.00,0.00,66.7,Active
986970,0.00,0.00,0.00,0.00,0.00,0.00,1.47,75.0,Active
986978,0.00,0.00,0.00,1.47,2.94,0.00,0.00,57.1,Active
986985,0.00,0.00,0.00,0.00,0.00,0.00,0.00,83.3,Active
986990,0.00,0.00,0.00,0.00,0.00,0.00,0.00,71.4,Active
987006,0.00,0.00,0.00,0.00,2.22,0.00,0.00,75.0,Active
987007,0.00,0.00,0.00,2.94,0.00,0.00,1.47,75.0,Active
987008,0.00,0.00,0.00,0.00,0.00,0.00,0.00,66.7,Active
987009,0.00,0.00,0.00,0.00,0.00,0.00,0.00,66.7,Active
987047,0.00,0.00,0.00,0.00,1.16,0.00,1.16,66.7,Active
987053,0.00,0.00,0.00,0.00,0.00,0.00,0.00,66.7,Active
987058,0.00,0.00,0.00,1.47,0.00,0.00,0.00,71.4,Active
987064,0.00,0.00,0.00,0.00,0.00,0.00,0.00,100.0,Active
987070,0.00,0.00,0.00,0.00,0.00,0.00,0.00,100.0,Active
987072,0.00,0.00,0.00,0.00,0.00,0.00,0.00,NA,Active
987084,0.00,0.00,0.00,0.00,0.00,0.00,1.52,75.0,Active
987094,0.00,0.00,0.00,1.83,0.00,0.00,0.00,65.0,Active
987095,0.00,0.00,0.00,0.00,0.00,0.00,3.39,100.0,Active
987100,0.00,0.00,0.00,0.00,0.00,0.00,0.00,100.0,Active
987101,0.00,0.00,0.00,0.00,0.00,0.00,0.00,50.0,Active
987102,0.00,0.00,0.00,0.00,1.53,0.00,0.00,50.0,Active
987111,0.00,0.00,0.00,0.00,0.00,0.00,0.00,100.0,Active
987123,0.00,0.00,0.00,1.19,1.19,0.00,1.19,50.0,Active
987131,0.00,0.00,0.00,0.00,0.00,0.00,0.00,50.0,Active
987134,0.00,0.00,0.00,0.00,0.00,0.00,0.00,100.0,Active
987138,0.00,0.00,0.00,0.00,0.00,0.00,0.00,100.0,Active
987143,0.00,0.00,0.00,0.00,0.00,0.00,1.11,100.0,Active
987153,0.00,0.00,0.00,0.00,1.52,0.00,0.00,100.0,Active
987158,0.00,0.00,0.00,0.00,0.00,0.00,0.00,100.0,Active
987164,0.00,0.00,0.00,1.33,0.00,1.49,0.00,80.0,Active
987165,0.00,0.00,0.00,0.00,0.00,1.45,0.00,NA,Active
987193,0.00,0.00,0.00,0.00,0.00,0.00,0.00,NA,Active
987205,0.00,0.00,0.00,0.00,0.00,0.00,0.00,NA,Active
987208,0.00,0.00,0.00,0.00,1.67,0.00,0.00,NA,Active
987212,0.00,0.00,0.00,0.00,0.00,0.00,0.00,NA,Active
987222,0.00,0.00,0.00,0.00,1.16,0.00,0.00,100.0,Active
987226,0.00,0.00,0.00,0.00,0.00,0.00,0.00,NA,Active
987228,0.00,0.00,0.00,0.00,0.00,0.00,0.00,71.4,Active
987231,0.00,0.00,0.00,0.00,0.00,0.00,0.00,100.0,Active
987240,0.00,0.00,0.00,0.00,0.00,0.00,0.00,NA,Active
987242,0.00,0.00,0.00,0.00,0.00,0.00,0.00,83.3,Active
987245,0.00,2.33,0.00,3.57,10.71,0.00,0.00,40.0,Active
987254,0.00,0.00,0.00,0.00,2.90,0.00,0.00,57.1,Active
987261,0.00,0.00,0.00,0.00,1.11,0.00,1.11,100.0,Active
987267,0.00,0.96,0.00,0.00,0.00,0.00,0.00,100.0,Active
987276,0.00,0.00,0.00,0.00,0.00,0.00,0.00,40.0,Active
987283,0.00,0.00,0.00,0.00,0.00,0.00,0.00,100.0,Active
987285,0.00,0.00,0.00,0.00,0.00,0.00,0.00,NA,Active
987295,0.00,0.00,0.00,0.00,0.00,2.33,0.00,NA,Active
987299,0.00,0.00,0.00,0.00,0.00,0.00,0.00,NA,Active
987316,0.00,0.00,0.00,0.00,0.00,0.00,0.00,50.0,Active
987317,0.00,0.97,0.00,1.71,1.71,0.00,0.00,100.0,Active
987340,0.00,0.00,0.00,0.00,0.00,0.00,0.00,NA,Active
987341,0.00,0.00,0.00,0.00,0.00,0.00,0.00,NA,Active
987347,0.00,0.00,0.00,0.00,0.00,0.00,2.78,NA,Active
987353,0.00,0.00,0.00,0.00,5.08,0.00,0.00,NA,Active
987359,0.00,0.00,0.00,0.00,0.00,0.00,0.00,NA,Active
987362,0.00,0.00,0.00,0.00,1.14,0.00,0.00,NA,Active
987365,0.00,0.00,0.00,0.00,0.00,0.00,0.00,NA,Active
987368,0.00,0.00,0.00,0.00,0.00,0.00,0.00,NA,Active
987378,0.00,0.00,0.00,0.00,0.00,0.00,0.00,NA,Active
987381,0.00,0.00,0.00,0.00,0.00,0.00,0.00,NA,Active
987384,0.00,0.00,0.00,0.00,0.00,0.00,0.00,NA,Active
987387,0.00,0.00,0.00,0.00,0.00,0.00,0.00,NA,Active
987393,0.00,0.00,0.00,0.00,0.00,0.00,0.00,NA,Active
987396,0.00,0.00,0.00,0.00,0.00,0.00,0.00,NA,Active
987399,0.00,0.00,0.00,0.00,0.00,0.00,0.00,NA,Active
987409,0.00,0.00,0.00,0.00,0.00,0.00,0.00,NA,Active
987414,0.00,0.00,0.00,0.00,0.00,0.00,0.00,NA,Active
987416,0.00,0.00,0.00,0.00,0.00,0.00,0.00,NA,Active
987418,0.00,0.00,0.00,0.00,0.00,0.00,0.00,NA,Active
987424,0.00,0.00,0.00,0.00,0.00,0.00,0.00,NA,Active
987431,0.00,0.00,0.00,0.00,0.00,0.00,0.00,NA,Active
987435,0.00,0.00,0.00,0.00,2.38,0.00,0.00,NA,Active
987441,0.00,0.00,0.00,0.00,0.00,0.00,0.00,NA,Active
987444,0.00,0.00,0.00,0.00,0.00,0.00,0.00,NA,Active
987447,0.00,0.00,0.00,0.00,0.00,0.00,0.00,NA,Active
987451,0.00,0.00,0.00,2.00,4.00,0.00,0.00,NA,Active
987454,0.00,0.00,0.00,0.00,0.00,0.00,0.00,NA,Active
987467,0.00,0.00,0.00,0.00,0.00,0.00,0.00,NA,Active
987468,0.00,0.00,0.00,0.00,1.05,1.25,0.00,NA,Active
987472,0.00,1.41,0.00,0.00,1.37,0.00,0.00,NA,Active
987483,0.00,0.00,0.00,0.00,0.00,0.00,0.00,NA,Active
987485,0.00,0.00,0.00,0.00,0.00,0.00,0.00,NA,Active
987487,0.00,0.00,0.00,0.00,0.00,1.20,0.00,NA,Active
987488,0.00,0.00,0.00,0.00,0.00,0.00,0.00,NA,Active
987491,0.00,0.00,0.00,0.00,0.00,0.00,0.00,NA,Active
987495,0.00,0.00,0.00,0.00,5.41,0.00,0.00,NA,Active
987499,0.00,0.00,0.00,0.00,0.00,0.00,0.00,NA,Active
987505,0.00,0.00,0.00,0.00,0.00,0.00,0.00,NA,Active
987520,0.00,0.00,0.00,0.00,0.76,0.00,0.00,NA,Active
987528,0.00,0.00,0.00,0.00,0.00,0.00,0.00,NA,Active
987529,0.00,0.00,0.00,0.00,1.69,2.08,1.69,NA,Active
987543,0.00,0.00,0.00,0.00,0.00,0.00,0.00,NA,Active
987545,0.00,0.00,0.00,0.00,0.00,0.00,0.00,NA,Active
987551,0.00,0.00,0.00,0.00,0.00,0.00,0.00,NA,Active
987557,0.00,0.00,0.00,0.00,0.00,0.00,0.00,NA,Active
987567,0.00,0.00,0.00,0.00,0.00,0.00,0.00,NA,Active
987578,0.00,0.00,0.00,0.00,1.30,0.00,0.00,NA,Active
987630,0.00,0.00,0.00,0.00,1.61,0.00,0.00,NA,Active
987639,0.00,0.00,0.00,0.00,0.00,0.00,0.00,NA,Active
987641,0.00,0.00,0.00,0.00,3.33,0.00,0.00,NA,Active
987645,0.00,0.00,0.00,0.00,0.00,0.00,0.00,NA,Active
987650,0.00,0.00,0.00,0.00,0.00,0.00,0.00,NA,Active
987651,0.00,0.00,0.00,0.00,0.00,0.00,0.00,NA,Active
987658,0.00,0.00,0.00,0.00,1.67,0.00,0.00,NA,Active
987668,0.00,0.00,0.00,0.00,0.00,0.00,0.00,NA,Active
987675,0.00,0.00,0.00,0.00,0.00,0.00,0.00,NA,Active
987676,0.00,0.00,0.00,0.00,0.00,0.00,0.00,NA,Active
987684,0.00,0.00,0.00,0.00,1.69,0.00,0.00,NA,Active
987689,0.00,0.00,0.00,0.00,0.00,0.00,1.47,NA,Active
987704,0.00,0.00,0.00,0.00,0.00,0.00,0.00,NA,Active
987706,0.00,0.00,0.00,0.00,0.00,0.00,0.00,NA,Active
987712,0.00,0.00,0.00,0.00,0.00,0.00,0.00,NA,Active
987713,0.00,0.00,0.00,0.00,4.55,0.00,0.00,NA,Active
987714,0.00,0.00,0.00,0.00,2.94,0.00,0.00,NA,Active
987716,0.00,0.00,0.00,0.00,0.00,0.00,0.00,NA,Active
987721,0.00,0.00,0.00,0.00,0.00,0.00,0.00,NA,Active
987725,0.00,0.00,0.00,0.00,2.17,0.00,2.17,NA,Active
987729,0.00,0.00,0.00,0.00,0.00,0.00,0.00,NA,Active
987734,0.00,0.00,0.00,0.00,2.27,0.00,0.00,NA,Active
987739,0.00,0.00,0.00,0.00,0.00,0.00,0.00,NA,Active
987742,0.00,0.00,0.00,0.00,0.00,1.64,0.00,NA,Active
987770,0.00,0.00,0.00,0.00,3.85,0.00,3.85,NA,Active
987780,0.00,0.00,0.00,0.00,0.00,0.00,0.00,NA,Active
987794,0.00,0.00,0.00,0.00,0.00,0.00,0.00,NA,Active
987799,0.00,0.00,0.00,0.00,3.70,0.00,0.00,NA,Active
987804,0.00,0.00,0.00,0.00,0.00,0.00,0.00,NA,Active
987810,0.00,0.00,0.00,0.00,0.00,0.00,0.00,NA,Active
987823,0.00,0.00,0.00,0.00,0.00,0.00,0.00,NA,Active
987826,0.00,0.00,0.00,0.00,0.00,0.00,0.00,NA,Active
987827,0.00,0.00,0.00,0.00,1.89,0.00,0.00,NA,Active
987830,0.00,0.00,0.00,0.00,0.00,0.00,0.00,NA,Active
987847,0.00,0.00,0.00,0.00,7.69,0.00,0.00,NA,Active
987852,0.00,0.00,0.00,0.00,0.00,0.00,0.00,NA,Active
987860,0.00,0.00,0.00,0.00,0.00,0.00,0.00,NA,Active
987862,0.00,0.00,0.00,0.00,0.00,1.69,0.00,NA,Active
987863,0.00,0.00,0.00,0.00,0.00,0.00,0.00,NA,Active
987867,0.00,0.00,0.00,0.00,0.00,0.00,0.00,NA,Active
987882,0.00,0.00,0.00,0.00,0.00,0.00,0.00,NA,Active
987885,0.00,0.00,0.00,0.00,0.00,0.00,0.00,NA,Active
987891,0.00,0.00,0.00,2.04,0.00,0.00,0.00,NA,Active
987894,0.00,0.00,0.00,0.00,0.00,0.00,0.00,NA,Active
987897,0.00,0.00,0.00,0.00,0.00,2.00,0.00,NA,Active
987901,0.00,0.00,0.00,0.00,0.00,0.00,0.00,NA,Active
987910,0.00,0.00,0.00,0.00,0.00,0.00,0.00,NA,Active
987911,0.00,0.00,0.00,0.00,0.00,0.00,0.00,NA,Active
987917,0.00,0.00,0.00,0.00,0.00,0.00,0.00,NA,Active
987922,0.00,0.00,0.00,0.00,0.00,0.00,0.00,NA,Active
987927,0.00,0.00,0.00,0.00,0.00,0.00,0.00,NA,Active
987934,0.00,0.00,0.00,0.00,0.00,0.00,0.00,NA,Active
987936,0.00,0.00,0.00,0.00,0.00,0.00,0.00,NA,Active
987945,0.00,0.00,0.00,0.00,0.00,0.00,0.00,NA,Active
987948,0.00,0.00,0.00,0.00,3.70,0.00,0.00,NA,Active
987950,0.00,0.00,0.00,0.00,1.28,0.00,0.00,NA,Active
987965,0.00,0.00,0.00,0.00,0.00,0.00,0.00,NA,Active
987974,0.00,0.00,0.00,0.00,1.30,0.00,0.00,NA,Active
987976,0.00,0.00,0.00,0.00,3.33,0.00,0.00,NA,Active
987980,0.00,0.00,0.00,0.00,0.00,0.00,0.00,NA,Active
987989,0.00,0.00,0.00,0.00,2.04,0.00,0.00,NA,Active
987998,0.00,0.00,0.00,0.00,0.00,0.00,0.00,NA,Active
988000,0.00,0.00,0.00,0.00,0.00,0.00,0.00,NA,Active
988010,0.00,0.00,0.00,0.00,0.00,0.00,0.00,NA,Active
988014,0.00,0.00,0.00,0.00,0.00,0.00,0.00,NA,Active
988017,0.00,0.00,0.00,0.00,5.26,0.00,0.00,NA,Active
988018,0.00,0.00,0.00,0.00,0.00,0.00,0.00,NA,Active
988020,0.00,0.00,0.00,0.00,0.00,0.00,0.00,NA,Active
988024,0.00,0.00,0.00,0.00,0.00,0.00,0.00,NA,Active
988027,0.00,0.00,0.00,0.00,0.00,0.00,0.00,NA,Active
988042,0.00,0.00,0.00,0.00,0.00,0.00,0.00,NA,Active
988054,0.00,0.00,0.00,0.00,0.00,0.00,0.00,NA,Active
988072,0.00,0.00,0.00,0.00,0.00,0.00,0.00,NA,Active
988089,0.00,0.00,0.00,0.00,0.00,0.00,0.00,NA,Active
988091,0.00,0.00,0.00,0.00,0.00,0.00,0.00,NA,Active
988092,0.00,0.00,0.00,0.00,2.08,0.00,0.00,NA,Active
988105,0.00,0.00,0.00,0.00,0.00,0.00,0.00,NA,Active
988106,0.00,0.00,0.00,0.00,4.00,0.00,0.00,NA,Active
988126,0.00,0.00,0.00,0.00,0.00,0.00,0.00,NA,Active
988129,0.00,0.00,0.00,0.00,1.28,0.00,0.00,NA,Active
988131,0.00,0.00,0.00,0.00,0.00,0.00,0.00,NA,Active
988157,0.00,0.00,0.00,0.00,2.00,0.00,0.00,NA,Active
988165,0.00,0.00,0.00,0.00,4.23,0.00,0.00,NA,Active
988169,0.00,0.00,0.00,0.00,0.00,0.00,0.00,NA,Active
988172,0.00,0.00,0.00,0.00,0.00,0.00,0.00,NA,Active
988174,0.00,0.00,0.00,0.00,0.00,0.00,0.00,NA,Active
988178,0.00,0.00,0.00,0.00,0.00,0.00,0.00,NA,Active
988185,0.00,0.00,0.00,0.00,0.00,0.00,0.00,NA,Active
988186,0.00,0.00,0.00,0.00,4.35,0.00,0.00,NA,Active
988187,0.00,0.00,0.00,0.00,2.33,0.00,0.00,NA,Active
988189,0.00,0.00,0.00,0.00,4.71,0.00,0.00,NA,Active
988194,0.00,0.00,0.00,0.00,4.17,0.00,0.00,NA,Active
988197,0.00,0.00,0.00,0.00,0.00,0.00,0.00,NA,Active
988201,0.00,0.00,0.00,0.00,0.00,0.00,0.00,NA,Active
988219,0.00,0.00,0.00,0.00,0.00,0.00,0.00,NA,Active
988220,0.00,0.00,0.00,0.00,2.17,0.00,0.00,NA,Active
988221,0.00,0.00,0.00,0.00,0.00,0.00,0.00,NA,Active
988224,0.00,0.00,0.00,0.00,0.00,0.00,0.00,NA,Active
988226,0.00,0.00,0.00,0.00,0.00,0.00,0.00,NA,Active
988230,0.00,0.00,0.00,0.00,0.00,0.00,0.00,NA,Active
988236,0.00,0.00,0.00,0.00,0.00,0.00,0.00,NA,Active
988238,0.00,0.00,0.00,0.00,0.00,0.00,0.00,NA,Active
988247,0.00,0.00,0.00,0.00,0.00,0.00,0.00,NA,Active
988248,0.00,0.00,0.00,0.00,0.00,0.00,1.96,NA,Active
988249,0.00,0.00,0.00,0.00,0.00,0.00,0.00,NA,Active
988253,0.00,0.00,0.00,0.00,0.00,0.00,0.00,NA,Active
988254,0.00,0.00,0.00,0.00,0.00,0.00,0.00,0.0,Inactive
988258,0.00,0.00,0.00,0.00,0.00,0.00,0.00,NA,Active
988266,0.00,0.00,0.00,0.00,0.00,0.00,0.00,NA,Active
988269,0.00,0.00,0.00,0.00,0.00,0.00,0.00,NA,Active
988271,0.00,0.00,0.00,0.00,0.00,0.00,0.00,0.0,Inactive
988272,0.00,0.00,0.00,0.00,2.70,0.00,0.00,NA,Active
988278,0.00,0.00,0.00,0.00,0.00,0.00,0.00,NA,Active
988281,0.00,0.00,0.00,0.00,0.00,0.00,0.00,NA,Active
988287,0.00,0.00,0.00,0.00,0.00,2.22,0.00,NA,Active
988299,0.00,0.00,0.00,1.15,1.15,0.00,0.00,NA,Active
988305,0.00,0.00,0.00,0.00,0.00,0.00,0.00,NA,Active
988310,0.00,0.00,0.00,0.00,0.00,0.00,0.00,NA,Active
988313,0.00,0.00,0.00,0.00,0.00,0.00,0.00,NA,Active
988318,0.00,0.00,0.00,0.00,0.00,0.00,0.00,NA,Active
988332,0.00,0.00,0.00,0.00,1.92,0.00,0.00,NA,Active
988340,0.00,0.00,0.00,0.00,0.00,0.00,0.00,NA,Active
988348,0.00,0.00,0.00,0.00,2.86,4.17,0.00,NA,Active
988358,0.00,0.00,0.00,0.00,0.00,0.00,0.00,NA,Active
988366,0.00,0.00,0.00,0.00,0.00,0.00,0.00,0.0,Inactive
988368,0.00,0.00,0.00,0.00,0.00,0.00,0.00,NA,Active
988370,0.00,0.00,0.00,0.00,0.00,0.00,0.00,NA,Active
988372,0.00,0.00,0.00,0.00,0.00,0.00,0.00,NA,Active
988376,0.00,0.00,0.00,0.00,3.23,0.00,0.00,NA,Active
988380,0.00,0.00,0.00,0.00,0.00,0.00,0.00,NA,Active
988382,0.00,0.00,0.00,0.00,0.00,0.00,0.00,NA,Active
988384,0.00,0.00,0.00,1.52,1.52,0.00,0.00,NA,Active
988385,0.00,0.00,0.00,0.00,0.00,0.00,0.00,NA,Active
988388,0.00,0.00,0.00,3.13,3.13,0.00,6.25,NA,Active
988392,0.00,0.00,0.00,0.00,0.00,0.00,0.00,NA,Active
988394,0.00,0.00,0.00,0.00,0.00,0.00,0.00,NA,Active
988402,0.00,0.00,0.00,0.00,0.00,0.00,0.00,NA,Active
988403,0.00,0.00,0.00,0.00,0.00,0.00,0.00,NA,Active
988405,0.00,0.00,0.00,0.00,4.44,0.00,0.00,NA,Active
988406,0.00,0.00,0.00,0.00,0.00,0.00,0.00,NA,Active
988407,0.00,0.00,0.00,0.00,0.00,0.00,0.00,NA,Active
988409,0.00,0.00,0.00,0.00,0.00,2.70,0.00,NA,Active
988411,0.00,0.00,0.00,0.00,0.00,0.00,0.00,NA,Active
988412,0.00,0.00,0.00,0.00,0.00,0.00,0.00,NA,Active
988414,0.00,0.00,0.00,0.00,0.00,0.00,0.00,NA,Active
988419,0.00,0.00,0.00,0.00,0.00,0.00,0.00,NA,Active
988420,0.00,0.00,0.00,0.00,0.00,0.00,0.00,NA,Active
988421,0.00,0.00,0.00,0.00,0.00,0.00,0.00,0.0,Inactive
988423,0.00,0.00,0.00,0.00,0.00,0.00,0.00,NA,Active
988427,0.00,0.00,0.00,0.00,0.00,0.00,0.00,NA,Active
988429,0.00,0.00,0.00,0.00,0.00,0.00,0.00,NA,Active
988436,0.00,0.00,0.00,0.00,2.70,0.00,0.00,NA,Active
988438,0.00,0.00,0.00,0.00,0.00,0.00,0.00,NA,Active
988441,0.00,0.00,0.00,0.00,2.56,0.00,0.00,NA,Active
988442,0.00,0.00,0.00,0.00,0.00,0.00,0.00,NA,Active
988454,0.00,0.00,0.00,0.00,0.00,1.41,0.00,NA,Active
988455,0.00,0.00,0.00,0.00,0.00,0.00,0.00,NA,Active
988457,0.00,0.00,0.00,0.00,0.00,0.00,0.00,NA,Active
988458,0.00,0.00,0.00,0.00,0.00,0.00,1.72,NA,Active
988459,0.00,0.00,0.00,0.00,0.00,0.00,0.00,NA,Active
988471,0.00,0.00,0.00,0.00,2.13,2.27,0.00,NA,Active
988477,0.00,0.00,0.00,0.00,0.00,0.00,0.00,NA,Active
988479,0.00,0.00,0.00,0.00,0.00,0.00,0.00,NA,Active
988481,0.00,0.00,0.00,0.00,0.00,0.00,0.00,NA,Active
988482,0.00,0.00,0.00,0.00,0.00,0.00,0.00,NA,Active
988486,0.00,0.00,0.00,0.00,0.00,0.00,0.00,NA,Active
988489,0.00,0.00,0.00,0.00,0.00,0.00,0.00,NA,Active
988491,0.00,0.00,0.00,0.00,0.00,0.00,0.00,NA,Active
988498,0.00,0.00,0.00,0.00,0.00,0.00,0.00,NA,Active
988504,0.00,0.00,0.00,0.00,0.00,0.00,1.25,NA,Active
988507,0.00,0.00,0.00,0.00,0.00,0.00,0.00,NA,Active
988515,0.00,0.00,0.00,0.00,0.00,0.00,0.00,NA,Active
988519,0.00,0.00,0.00,0.00,0.00,2.63,2.50,NA,Active
988521,0.00,0.00,0.00,0.00,0.00,0.00,0.00,NA,Active
988527,0.00,0.00,0.00,0.00,0.00,0.00,0.00,NA,Active
988528,0.00,0.00,0.00,0.00,0.00,0.00,0.00,0.0,Inactive
988532,0.00,0.00,0.00,0.00,0.00,0.00,0.00,NA,Active
988545,0.00,0.00,0.00,0.00,0.00,0.00,2.70,NA,Active
988548,0.00,0.00,0.00,0.00,0.00,0.00,0.00,NA,Active
988554,0.00,0.00,0.00,0.00,0.00,0.00,0.00,NA,Active
988565,0.00,0.00,0.00,0.00,3.57,0.00,0.00,NA,Active
988566,0.00,0.00,0.00,0.00,0.00,0.00,0.00,NA,Active
988567,0.00,0.00,0.00,0.00,0.00,0.00,0.00,NA,Active
988569,0.00,0.00,0.00,0.00,0.00,0.00,0.00,0.0,Inactive
988572,0.00,0.00,0.00,0.00,3.64,0.00,0.00,NA,Active
988579,0.00,0.00,0.00,0.00,0.00,0.00,0.00,NA,Active
988598,0.00,0.00,0.00,0.00,1.59,0.00,0.00,NA,Active
988603,0.00,0.00,0.00,1.56,0.00,0.00,0.00,NA,Active
988611,0.00,0.00,0.00,0.00,0.00,0.00,0.00,NA,Active
988612,0.00,0.00,0.00,0.00,2.13,0.00,0.00,NA,Active
988624,0.00,0.00,0.00,0.00,6.25,0.00,0.00,NA,Active
988627,0.00,0.00,0.00,0.00,0.00,0.00,0.00,NA,Active
988635,0.00,0.00,0.00,0.00,0.00,0.00,0.00,NA,Active
988640,0.00,0.00,0.00,0.00,0.00,0.00,0.00,0.0,Inactive
988653,0.00,0.00,0.00,0.00,0.00,0.00,0.00,NA,Active
988660,0.00,0.00,0.00,0.00,0.00,0.00,0.00,0.0,Inactive
988665,0.00,0.00,0.00,0.00,0.00,0.00,0.00,NA,Active
988677,0.00,0.00,0.00,0.00,0.00,0.00,0.00,NA,Active
988678,0.00,0.00,0.00,0.00,2.27,0.00,0.00,NA,Active
988679,0.00,0.00,0.00,0.00,6.67,0.00,0.00,NA,Active
988680,0.00,0.00,0.00,0.00,0.00,0.00,2.63,NA,Active
988681,0.00,0.00,0.00,0.00,0.00,0.00,0.00,0.0,Inactive
988683,0.00,0.00,0.00,0.00,0.00,0.00,0.00,0.0,Inactive
988688,0.00,0.00,0.00,0.00,0.00,2.94,0.00,NA,Active
988702,0.00,0.00,0.00,0.00,0.00,0.00,0.00,NA,Active
988705,0.00,0.00,0.00,0.00,0.00,0.00,0.00,NA,Active
988710,0.00,0.00,0.00,0.00,0.00,0.00,0.00,NA,Active
988713,0.00,0.00,0.00,0.00,2.74,0.00,0.00,NA,Active
988717,0.00,0.00,0.00,0.00,0.00,0.00,0.00,NA,Active
988721,0.00,0.00,0.00,0.00,0.00,0.00,0.00,0.0,Inactive
988722,0.00,0.00,0.00,0.00,3.23,0.00,0.00,NA,Active
988723,0.00,0.00,0.00,0.00,0.00,0.00,0.00,NA,Active
988726,0.00,0.00,0.00,0.00,0.00,0.00,0.00,NA,Active
988741,0.00,0.00,0.00,0.00,0.00,0.00,0.00,NA,Active
988742,0.00,0.00,0.00,0.00,0.00,0.00,0.00,NA,Active
988748,0.00,0.00,0.00,0.00,0.00,0.00,0.00,NA,Active
988757,0.00,0.00,0.00,0.00,0.00,0.00,0.00,NA,Active
988760,0.00,0.00,0.00,0.00,0.00,0.00,0.00,NA,Active
988761,0.00,0.00,0.00,0.00,0.00,0.00,0.00,NA,Active
988769,0.00,0.00,0.00,0.00,0.00,0.00,0.00,NA,Active
988779,0.00,0.00,0.00,0.00,4.76,0.00,0.00,NA,Active
988786,0.00,0.00,0.00,0.00,0.00,0.00,0.00,NA,Active
988790,0.00,0.00,0.00,0.00,2.27,0.00,0.00,NA,Active
988797,0.00,0.00,0.00,0.00,0.00,0.00,0.00,NA,Active
988804,0.00,0.00,0.00,0.00,0.00,0.00,0.00,NA,Active
988808,0.00,0.00,0.00,0.00,0.00,0.00,0.00,NA,Active
988813,0.00,0.00,0.00,0.00,3.45,0.00,0.00,NA,Active
988817,0.00,0.00,0.00,0.00,0.00,0.00,0.00,NA,Active
988825,0.00,0.00,0.00,0.00,7.41,0.00,0.00,NA,Active
988826,0.00,0.00,0.00,0.00,0.00,0.00,0.00,NA,Active
988834,0.00,0.00,0.00,0.00,0.00,0.00,0.00,NA,Active
988844,0.00,0.00,0.00,0.00,0.00,0.00,0.00,NA,Active
988846,0.00,0.00,0.00,0.00,0.00,0.00,0.00,NA,Active
988850,0.00,0.00,0.00,0.00,0.00,0.00,0.00,NA,Active
988853,0.00,0.00,0.00,0.00,0.00,0.00,0.00,NA,Active
988860,0.00,0.00,0.00,0.00,0.00,0.00,0.00,NA,Active
988865,0.00,0.00,0.00,0.00,2.78,0.00,0.00,NA,Active
988867,0.00,0.00,0.00,0.00,0.00,0.00,0.00,0.0,Inactive
988876,0.00,0.00,0.00,0.00,3.33,0.00,0.00,NA,Active
988882,0.00,0.00,0.00,0.00,3.13,0.00,0.00,NA,Active
988910,0.00,0.00,0.00,0.00,2.50,0.00,0.00,NA,Active
988920,0.00,0.00,0.00,0.00,0.00,0.00,0.00,NA,Active
988925,0.00,10.00,0.00,0.00,0.00,0.00,0.00,NA,Active
988935,0.00,0.00,0.00,0.00,0.00,1.25,0.00,NA,Active
988942,0.00,0.00,0.00,0.00,0.00,0.00,0.00,NA,Active
988949,0.00,0.00,0.00,0.00,0.00,0.00,0.00,NA,Active
988952,0.00,0.00,0.00,0.00,0.00,0.00,0.00,NA,Active
988953,0.00,0.00,0.00,0.00,0.00,0.00,0.00,NA,Active
988959,0.00,0.00,0.00,0.00,0.00,0.00,0.00,NA,Active
988966,0.00,0.00,0.00,0.00,13.64,0.00,0.00,NA,Active
988979,0.00,0.00,0.00,0.00,0.00,0.00,0.00,NA,Active
988993,0.00,0.00,0.00,0.00,0.00,0.00,0.00,NA,Active
988999,0.00,0.00,0.00,0.00,3.03,0.00,0.00,NA,Active
989000,0.00,0.00,0.00,0.00,0.00,0.00,0.00,NA,Active
989009,0.00,0.00,0.00,0.00,0.00,0.00,0.00,NA,Active
989010,0.00,0.00,0.00,1.75,0.00,0.00,0.00,NA,Active
989024,0.00,0.00,0.00,0.00,0.00,3.70,0.00,NA,Active
989034,0.00,0.00,0.00,0.00,0.00,0.00,0.00,NA,Active
989036,0.00,0.00,0.00,0.00,0.00,0.00,0.00,NA,Active
989037,0.00,0.00,0.00,0.00,0.00,0.00,0.00,0.0,Inactive
989042,0.00,0.00,0.00,0.00,0.00,0.00,0.00,NA,Active
989050,0.00,0.00,0.00,0.00,1.32,0.00,1.32,NA,Active
989055,0.00,0.00,0.00,0.00,0.00,0.00,0.00,NA,Active
989063,0.00,0.00,0.00,0.00,0.00,0.00,0.00,NA,Active
989076,0.00,0.00,0.00,0.00,0.00,0.00,0.00,NA,Active
989081,0.00,0.00,0.00,0.00,0.00,0.00,0.00,NA,Active
989093,0.00,1.33,0.00,0.00,0.00,1.33,0.00,NA,Active
989097,0.00,0.00,0.00,0.00,0.00,0.00,0.00,NA,Active
989104,0.00,0.00,0.00,0.00,7.69,0.00,0.00,0.0,Inactive
989115,0.00,0.00,0.00,0.00,0.00,0.00,0.00,NA,Active
989116,0.00,0.00,0.00,0.00,0.00,0.00,0.00,0.0,Inactive
989137,0.00,0.00,0.00,0.00,0.00,0.00,0.00,NA,Active
989140,0.00,0.00,0.00,0.00,0.00,0.00,0.00,NA,Active
989153,0.00,0.00,0.00,0.00,0.00,0.00,0.00,NA,Active
989156,0.00,0.00,0.00,0.00,2.86,0.00,0.00,NA,Active
989169,0.00,0.00,0.00,0.00,0.00,0.00,0.00,NA,Active
989186,0.00,0.00,0.00,0.00,0.00,0.00,0.00,NA,Active
989188,0.00,0.00,0.00,0.00,0.00,0.00,0.00,NA,Active
989189,0.00,0.00,0.00,0.00,5.88,0.00,0.00,0.0,Inactive
989192,0.00,0.00,0.00,0.00,0.00,0.00,2.44,NA,Active
989199,0.00,0.00,0.00,0.00,1.20,0.00,0.00,NA,Active
989206,0.00,0.00,0.00,0.00,0.00,0.00,0.00,0.0,Inactive
989212,0.00,0.00,0.00,0.00,0.00,0.00,0.00,NA,Active
989217,0.00,0.00,0.00,0.00,0.00,0.00,0.00,NA,Active
989236,0.00,0.00,0.00,0.00,0.00,0.00,0.00,0.0,Inactive
989241,0.00,0.00,0.00,0.00,0.00,0.00,0.00,NA,Active
989252,0.00,0.00,0.00,0.00,0.00,0.00,0.00,NA,Active
989271,0.00,0.00,0.00,0.00,0.00,0.00,0.00,NA,Active
989278,0.00,0.00,0.00,0.00,0.00,0.00,0.00,NA,Active
989281,0.00,0.00,0.00,0.00,0.00,0.00,0.00,NA,Active
989289,0.00,0.00,0.00,0.00,0.00,0.00,0.00,NA,Active
989291,0.00,0.00,0.00,0.00,0.00,0.00,0.00,NA,Active
989294,0.00,0.00,0.00,0.00,0.00,0.00,0.00,NA,Active
989309,0.00,0.00,0.00,0.00,0.00,0.00,0.00,NA,Active
989315,0.00,0.00,0.00,0.00,0.00,0.00,0.00,NA,Active
989322,0.00,0.00,0.00,0.00,4.35,0.00,0.00,NA,Active
989326,0.00,0.00,0.00,0.00,0.00,0.00,0.00,NA,Active
989329,0.00,0.00,0.00,0.00,3.92,0.00,0.00,NA,Active
989331,0.00,0.00,0.00,0.00,0.00,0.00,0.00,0.0,Inactive
989332,0.00,0.00,0.00,0.00,0.00,0.00,0.00,NA,Active
989342,0.00,0.00,0.00,0.00,0.00,0.00,0.00,NA,Active
989345,0.00,0.00,0.00,0.00,0.00,0.00,0.00,0.0,Inactive
989347,0.00,0.00,0.00,0.00,0.00,0.00,0.00,0.0,Inactive
989364,0.00,0.00,0.00,0.00,0.00,0.00,0.00,NA,Active
989387,0.00,0.00,0.00,0.00,0.00,0.00,0.00,0.0,Inactive
989392,0.00,0.00,0.00,0.00,7.84,2.27,0.00,NA,Active
989400,0.00,0.00,0.00,0.00,0.00,0.00,0.00,NA,Active
989406,0.00,0.00,0.00,0.00,4.17,0.00,0.00,NA,Active
989411,0.00,0.00,0.00,0.00,0.00,0.00,0.00,NA,Active
989420,0.00,0.00,0.00,0.00,0.00,0.00,0.00,NA,Active
989440,0.00,0.00,0.00,0.00,0.00,0.00,0.00,NA,Active
989448,0.00,0.00,0.00,0.00,4.17,0.00,0.00,NA,Active
989456,0.00,0.00,0.00,0.00,0.00,0.00,0.00,NA,Active
989473,0.00,0.00,0.00,0.00,0.00,0.00,0.00,NA,Active
989474,0.00,0.00,0.00,0.00,2.94,0.00,0.00,NA,Active
989482,0.00,0.00,0.00,0.00,0.00,0.00,0.00,NA,Active
989485,0.00,0.00,0.00,0.00,0.00,0.00,0.00,0.0,Inactive
989488,0.00,0.00,0.00,0.00,0.00,0.00,0.00,NA,Active
989520,0.00,0.00,0.00,0.00,0.00,0.00,0.00,0.0,Inactive
989524,0.00,0.00,0.00,0.00,0.00,0.00,0.00,NA,Active
989532,0.00,0.00,0.00,0.00,0.00,0.00,0.00,0.0,Inactive
989562,0.00,0.00,0.00,0.00,0.00,0.00,0.00,NA,Active
989582,0.00,0.00,0.00,0.00,0.00,0.00,0.00,NA,Active
989601,0.00,0.00,0.00,0.00,0.00,0.00,0.00,NA,Active
989610,0.00,0.00,0.00,0.00,2.63,0.00,0.00,NA,Active
989612,0.00,0.00,0.00,0.00,0.00,0.00,0.00,NA,Active
989627,0.00,0.00,0.00,0.00,0.00,0.00,0.00,NA,Active
989636,0.00,0.00,0.00,0.00,0.00,0.00,0.00,0.0,Inactive
989645,0.00,0.00,0.00,0.00,0.00,0.00,0.00,0.0,Inactive
989659,0.00,0.00,0.00,0.00,4.17,0.00,0.00,NA,Active
989683,0.00,0.00,0.00,0.00,0.00,0.00,0.00,NA,Active
989692,0.00,0.00,0.00,0.00,2.08,0.00,0.00,NA,Active
989728,0.00,0.00,0.00,0.00,0.00,0.00,0.00,NA,Active
989742,0.00,0.00,0.00,0.00,0.00,0.00,0.00,0.0,Inactive
989746,0.00,0.00,0.00,0.00,0.00,6.67,0.00,NA,Active
989762,0.00,0.00,0.00,0.00,0.00,0.00,0.00,NA,Active
989861,0.00,0.00,0.00,0.00,0.00,0.00,0.00,0.0,Inactive
990029,0.00,0.00,0.00,0.00,0.00,0.00,0.00,0.0,Inactive
990057,0.00,0.00,0.00,0.00,0.00,0.00,0.00,0.0,Inactive
990186,0.00,0.00,0.00,0.00,0.00,0.00,0.00,0.0,Inactive
990312,0.00,0.00,0.00,0.00,0.00,0.00,0.00,0.0,Inactive
990384,0.00,0.00,0.00,0.00,0.00,1.96,0.00,0.0,Inactive
